image,reference_backend,target_backend,reference_index,target_index,reference_class,target_class,reference_confidence,target_confidence,confidence_delta,bbox_iou,match_status,reason
01_missing_hole_03.jpg,pytorch,onnx_cuda,0,0,missing_hole,missing_hole,0.9112392663955688,0.9114500284194946,0.00021076202392578125,1.0,MATCHED,
01_missing_hole_03.jpg,pytorch,onnx_cuda,1,1,missing_hole,missing_hole,0.893036961555481,0.8929381370544434,9.882450103759766e-05,1.0,MATCHED,
01_missing_hole_03.jpg,pytorch,onnx_cuda,2,2,missing_hole,missing_hole,0.8511297702789307,0.8509001135826111,0.00022965669631958008,1.0,MATCHED,
01_open_circuit_02.jpg,pytorch,onnx_cuda,0,0,open_circuit,open_circuit,0.8675520420074463,0.8676120042800903,5.996227264404297e-05,1.0,MATCHED,
01_open_circuit_02.jpg,pytorch,onnx_cuda,1,1,open_circuit,open_circuit,0.8606997728347778,0.8609032034873962,0.0002034306526184082,1.0,MATCHED,
01_open_circuit_02.jpg,pytorch,onnx_cuda,2,2,open_circuit,open_circuit,0.5143941044807434,0.5157309174537659,0.001336812973022461,1.0,MATCHED,
01_open_circuit_02.jpg,pytorch,onnx_cuda,3,3,short,short,0.22247305512428284,0.22237491607666016,9.813904762268066e-05,1.0,MATCHED,
01_short_02.jpg,pytorch,onnx_cuda,0,0,short,short,0.848045825958252,0.8478876948356628,0.00015813112258911133,1.0,MATCHED,
01_short_02.jpg,pytorch,onnx_cuda,1,1,short,short,0.8177884221076965,0.8176028728485107,0.00018554925918579102,1.0,MATCHED,
01_short_02.jpg,pytorch,onnx_cuda,2,2,short,short,0.679621160030365,0.6791443824768066,0.0004767775535583496,1.0,MATCHED,
04_missing_hole_04.jpg,pytorch,onnx_cuda,0,0,missing_hole,missing_hole,0.8964186906814575,0.8965449333190918,0.00012624263763427734,1.0,MATCHED,
04_missing_hole_04.jpg,pytorch,onnx_cuda,1,1,missing_hole,missing_hole,0.8547323942184448,0.8544651865959167,0.00026720762252807617,1.0,MATCHED,
04_missing_hole_04.jpg,pytorch,onnx_cuda,2,2,missing_hole,missing_hole,0.6606377959251404,0.6597942113876343,0.0008435845375061035,1.0,MATCHED,
04_open_circuit_02.jpg,pytorch,onnx_cuda,0,0,open_circuit,open_circuit,0.8150784373283386,0.8150727152824402,5.7220458984375e-06,1.0,MATCHED,
04_open_circuit_02.jpg,pytorch,onnx_cuda,1,1,open_circuit,open_circuit,0.27734413743019104,0.27750492095947266,0.0001607835292816162,1.0,MATCHED,
04_open_circuit_02.jpg,pytorch,onnx_cuda,2,2,open_circuit,open_circuit,0.20168444514274597,0.20212560892105103,0.0004411637783050537,1.0,MATCHED,
04_open_circuit_03.jpg,pytorch,onnx_cuda,0,0,open_circuit,open_circuit,0.7353897094726562,0.7351672649383545,0.0002224445343017578,1.0,MATCHED,
04_open_circuit_03.jpg,pytorch,onnx_cuda,1,1,open_circuit,open_circuit,0.7342721223831177,0.7350543737411499,0.0007822513580322266,1.0,MATCHED,
04_open_circuit_03.jpg,pytorch,onnx_cuda,2,2,open_circuit,open_circuit,0.5604692697525024,0.560031533241272,0.00043773651123046875,1.0,MATCHED,
04_short_02.jpg,pytorch,onnx_cuda,0,0,short,short,0.6652910113334656,0.6656094789505005,0.0003184676170349121,1.0,MATCHED,
04_short_02.jpg,pytorch,onnx_cuda,1,1,short,short,0.6517846584320068,0.6509220600128174,0.0008625984191894531,1.0,MATCHED,
04_short_02.jpg,pytorch,onnx_cuda,2,2,short,short,0.624142050743103,0.6246381402015686,0.0004960894584655762,1.0,MATCHED,
04_short_03.jpg,pytorch,onnx_cuda,0,0,short,short,0.9096536636352539,0.9092720746994019,0.0003815889358520508,1.0,MATCHED,
04_short_03.jpg,pytorch,onnx_cuda,1,1,short,short,0.7701491117477417,0.7701980471611023,4.89354133605957e-05,1.0,MATCHED,
04_short_03.jpg,pytorch,onnx_cuda,2,2,short,short,0.444580078125,0.445030152797699,0.0004500746726989746,1.0,MATCHED,
05_open_circuit_03.jpg,pytorch,onnx_cuda,0,0,open_circuit,open_circuit,0.9182968735694885,0.9182501435279846,4.673004150390625e-05,1.0,MATCHED,
05_open_circuit_03.jpg,pytorch,onnx_cuda,1,1,open_circuit,open_circuit,0.5513036251068115,0.5513573884963989,5.3763389587402344e-05,1.0,MATCHED,
05_open_circuit_03.jpg,pytorch,onnx_cuda,2,2,open_circuit,open_circuit,0.46667468547821045,0.4672078490257263,0.0005331635475158691,1.0,MATCHED,
05_open_circuit_04.jpg,pytorch,onnx_cuda,0,0,open_circuit,open_circuit,0.918103814125061,0.918181300163269,7.748603820800781e-05,1.0,MATCHED,
05_open_circuit_04.jpg,pytorch,onnx_cuda,1,1,open_circuit,open_circuit,0.8543334603309631,0.8540801405906677,0.00025331974029541016,1.0,MATCHED,
05_open_circuit_04.jpg,pytorch,onnx_cuda,2,2,open_circuit,open_circuit,0.5527627468109131,0.5519428849220276,0.000819861888885498,1.0,MATCHED,
05_open_circuit_04.jpg,pytorch,onnx_cuda,3,3,open_circuit,open_circuit,0.4669903814792633,0.4672294855117798,0.0002391040325164795,1.0,MATCHED,
05_open_circuit_04.jpg,pytorch,onnx_cuda,4,4,open_circuit,open_circuit,0.4477699398994446,0.44738978147506714,0.0003801584243774414,1.0,MATCHED,
05_open_circuit_06.jpg,pytorch,onnx_cuda,0,0,open_circuit,open_circuit,0.7671267986297607,0.7673028707504272,0.0001760721206665039,1.0,MATCHED,
05_open_circuit_06.jpg,pytorch,onnx_cuda,1,1,open_circuit,open_circuit,0.2472033053636551,0.24735784530639648,0.00015453994274139404,1.0,MATCHED,
05_short_03.jpg,pytorch,onnx_cuda,0,0,short,short,0.9050511717796326,0.9049355983734131,0.00011557340621948242,1.0,MATCHED,
05_short_03.jpg,pytorch,onnx_cuda,1,1,short,short,0.8439433574676514,0.8440661430358887,0.0001227855682373047,1.0,MATCHED,
05_short_03.jpg,pytorch,onnx_cuda,2,2,short,short,0.7985417246818542,0.7985309958457947,1.0728836059570312e-05,1.0,MATCHED,
05_short_04.jpg,pytorch,onnx_cuda,0,0,short,short,0.7825401425361633,0.7825829982757568,4.285573959350586e-05,1.0,MATCHED,
05_short_04.jpg,pytorch,onnx_cuda,1,1,short,short,0.7219886779785156,0.7220599055290222,7.12275505065918e-05,1.0,MATCHED,
05_short_04.jpg,pytorch,onnx_cuda,2,2,short,short,0.5532808899879456,0.5533414483070374,6.0558319091796875e-05,1.0,MATCHED,
05_short_06.jpg,pytorch,onnx_cuda,0,0,short,short,0.838956356048584,0.8392788171768188,0.0003224611282348633,1.0,MATCHED,
05_short_06.jpg,pytorch,onnx_cuda,1,1,short,short,0.8012601733207703,0.8012121319770813,4.8041343688964844e-05,1.0,MATCHED,
07_missing_hole_03.jpg,pytorch,onnx_cuda,0,0,missing_hole,missing_hole,0.92176753282547,0.9219426512718201,0.00017511844635009766,1.0,MATCHED,
07_missing_hole_03.jpg,pytorch,onnx_cuda,1,1,missing_hole,missing_hole,0.9138675928115845,0.9139595031738281,9.191036224365234e-05,1.0,MATCHED,
07_missing_hole_03.jpg,pytorch,onnx_cuda,2,2,missing_hole,missing_hole,0.8845520615577698,0.884353518486023,0.00019854307174682617,1.0,MATCHED,
07_missing_hole_03.jpg,pytorch,onnx_cuda,3,3,missing_hole,missing_hole,0.8536537885665894,0.8535531759262085,0.00010061264038085938,1.0,MATCHED,
07_missing_hole_03.jpg,pytorch,onnx_cuda,4,4,missing_hole,missing_hole,0.6721959710121155,0.67257159948349,0.0003756284713745117,1.0,MATCHED,
09_open_circuit_05.jpg,pytorch,onnx_cuda,0,0,open_circuit,open_circuit,0.871115505695343,0.8711252808570862,9.775161743164062e-06,1.0,MATCHED,
09_open_circuit_05.jpg,pytorch,onnx_cuda,1,1,open_circuit,open_circuit,0.8268260359764099,0.826975405216217,0.0001493692398071289,1.0,MATCHED,
09_open_circuit_05.jpg,pytorch,onnx_cuda,2,2,open_circuit,open_circuit,0.804296612739563,0.804125189781189,0.00017142295837402344,1.0,MATCHED,
09_open_circuit_05.jpg,pytorch,onnx_cuda,3,3,open_circuit,open_circuit,0.7662294507026672,0.7662785649299622,4.9114227294921875e-05,1.0,MATCHED,
09_open_circuit_05.jpg,pytorch,onnx_cuda,4,4,open_circuit,open_circuit,0.4243176579475403,0.4244094491004944,9.179115295410156e-05,1.0,MATCHED,
09_short_05.jpg,pytorch,onnx_cuda,0,0,short,short,0.9199681282043457,0.9203112125396729,0.00034308433532714844,1.0,MATCHED,
09_short_05.jpg,pytorch,onnx_cuda,1,1,short,short,0.8376830816268921,0.8377466797828674,6.35981559753418e-05,1.0,MATCHED,
09_short_05.jpg,pytorch,onnx_cuda,2,2,short,short,0.8303712606430054,0.8304937481880188,0.00012248754501342773,1.0,MATCHED,
09_short_05.jpg,pytorch,onnx_cuda,3,3,short,short,0.7967469096183777,0.7967696189880371,2.2709369659423828e-05,1.0,MATCHED,
09_short_05.jpg,pytorch,onnx_cuda,4,4,short,short,0.6525803208351135,0.6522254347801208,0.0003548860549926758,1.0,MATCHED,
10_open_circuit_06.jpg,pytorch,onnx_cuda,0,0,open_circuit,open_circuit,0.9170157313346863,0.9169052839279175,0.00011044740676879883,1.0,MATCHED,
10_open_circuit_06.jpg,pytorch,onnx_cuda,1,1,open_circuit,open_circuit,0.9102001786231995,0.9100204706192017,0.00017970800399780273,1.0,MATCHED,
10_open_circuit_06.jpg,pytorch,onnx_cuda,2,2,open_circuit,open_circuit,0.7697051167488098,0.7697061896324158,1.0728836059570312e-06,1.0,MATCHED,
10_open_circuit_06.jpg,pytorch,onnx_cuda,3,3,open_circuit,open_circuit,0.692541241645813,0.6923192739486694,0.0002219676971435547,1.0,MATCHED,
10_open_circuit_06.jpg,pytorch,onnx_cuda,4,4,open_circuit,open_circuit,0.5454599857330322,0.5454514622688293,8.52346420288086e-06,1.0,MATCHED,
11_short_02.jpg,pytorch,onnx_cuda,1,1,short,short,0.8749858140945435,0.874934732913971,5.1081180572509766e-05,1.0,MATCHED,
11_short_02.jpg,pytorch,onnx_cuda,2,2,short,short,0.8117009401321411,0.811568558216095,0.00013238191604614258,1.0,MATCHED,
11_short_02.jpg,pytorch,onnx_cuda,3,3,short,short,0.7948117852210999,0.7949046492576599,9.28640365600586e-05,1.0,MATCHED,
11_short_02.jpg,pytorch,onnx_cuda,4,4,short,short,0.5008881092071533,0.5010800361633301,0.0001919269561767578,1.0,MATCHED,
11_short_02.jpg,pytorch,onnx_cuda,0,0,short,short,0.8972700238227844,0.8973519206047058,8.189678192138672e-05,0.99,MATCHED,
12_open_circuit_03.jpg,pytorch,onnx_cuda,0,0,open_circuit,open_circuit,0.9246365427970886,0.924537718296051,9.882450103759766e-05,1.0,MATCHED,
12_open_circuit_03.jpg,pytorch,onnx_cuda,1,1,open_circuit,open_circuit,0.6727454662322998,0.6724489331245422,0.00029653310775756836,1.0,MATCHED,
12_open_circuit_03.jpg,pytorch,onnx_cuda,2,2,open_circuit,open_circuit,0.6274096369743347,0.6267707347869873,0.0006389021873474121,1.0,MATCHED,
12_open_circuit_03.jpg,pytorch,onnx_cuda,3,3,open_circuit,open_circuit,0.6164114475250244,0.6169766187667847,0.0005651712417602539,1.0,MATCHED,
12_open_circuit_03.jpg,pytorch,onnx_cuda,4,4,open_circuit,open_circuit,0.39099210500717163,0.39069604873657227,0.00029605627059936523,1.0,MATCHED,
12_short_03.jpg,pytorch,onnx_cuda,0,0,short,short,0.8642827868461609,0.8643786311149597,9.584426879882812e-05,1.0,MATCHED,
12_short_03.jpg,pytorch,onnx_cuda,1,1,short,short,0.8579527139663696,0.8578975200653076,5.519390106201172e-05,1.0,MATCHED,
12_short_03.jpg,pytorch,onnx_cuda,2,2,short,short,0.814099133014679,0.8142940402030945,0.00019490718841552734,1.0,MATCHED,
12_short_03.jpg,pytorch,onnx_cuda,3,3,short,short,0.632397472858429,0.6327099800109863,0.00031250715255737305,1.0,MATCHED,
12_short_03.jpg,pytorch,onnx_cuda,4,4,short,short,0.56386399269104,0.5635611414909363,0.00030285120010375977,1.0,MATCHED,
01_missing_hole_03.jpg,pytorch,tensorrt_fp32,0,0,missing_hole,missing_hole,0.9112392663955688,0.911629,0.000389733604431175,1.0,MATCHED,
01_missing_hole_03.jpg,pytorch,tensorrt_fp32,1,1,missing_hole,missing_hole,0.893036961555481,0.89317,0.00013303844451906244,1.0,MATCHED,
01_missing_hole_03.jpg,pytorch,tensorrt_fp32,2,2,missing_hole,missing_hole,0.8511297702789307,0.851832,0.0007022297210693695,1.0,MATCHED,
01_open_circuit_02.jpg,pytorch,tensorrt_fp32,0,0,open_circuit,open_circuit,0.8675520420074463,0.868505,0.0009529579925536824,1.0,MATCHED,
01_open_circuit_02.jpg,pytorch,tensorrt_fp32,1,1,open_circuit,open_circuit,0.8606997728347778,0.861131,0.00043122716522214777,1.0,MATCHED,
01_open_circuit_02.jpg,pytorch,tensorrt_fp32,2,2,open_circuit,open_circuit,0.5143941044807434,0.514548,0.00015389551925659717,1.0,MATCHED,
01_open_circuit_02.jpg,pytorch,tensorrt_fp32,3,3,short,short,0.22247305512428284,0.222407,6.605512428284332e-05,1.0,MATCHED,
01_short_02.jpg,pytorch,tensorrt_fp32,0,0,short,short,0.848045825958252,0.84848,0.00043417404174805885,1.0,MATCHED,
01_short_02.jpg,pytorch,tensorrt_fp32,1,1,short,short,0.8177884221076965,0.817874,8.557789230345669e-05,1.0,MATCHED,
01_short_02.jpg,pytorch,tensorrt_fp32,2,2,short,short,0.679621160030365,0.678861,0.0007601600303649425,1.0,MATCHED,
04_missing_hole_04.jpg,pytorch,tensorrt_fp32,0,0,missing_hole,missing_hole,0.8964186906814575,0.895927,0.0004916906814574906,1.0,MATCHED,
04_missing_hole_04.jpg,pytorch,tensorrt_fp32,1,1,missing_hole,missing_hole,0.8547323942184448,0.855094,0.0003616057815551965,1.0,MATCHED,
04_missing_hole_04.jpg,pytorch,tensorrt_fp32,2,2,missing_hole,missing_hole,0.6606377959251404,0.661506,0.0008682040748596576,1.0,MATCHED,
04_open_circuit_02.jpg,pytorch,tensorrt_fp32,0,0,open_circuit,open_circuit,0.8150784373283386,0.814861,0.00021743732833867657,1.0,MATCHED,
04_open_circuit_02.jpg,pytorch,tensorrt_fp32,1,1,open_circuit,open_circuit,0.27734413743019104,0.276818,0.0005261374301910315,1.0,MATCHED,
04_open_circuit_02.jpg,pytorch,tensorrt_fp32,2,2,open_circuit,open_circuit,0.20168444514274597,0.201478,0.00020644514274598125,1.0,MATCHED,
04_open_circuit_03.jpg,pytorch,tensorrt_fp32,0,0,open_circuit,open_circuit,0.7353897094726562,0.735434,4.429052734378214e-05,1.0,MATCHED,
04_open_circuit_03.jpg,pytorch,tensorrt_fp32,1,1,open_circuit,open_circuit,0.7342721223831177,0.73446,0.00018787761688232596,1.0,MATCHED,
04_open_circuit_03.jpg,pytorch,tensorrt_fp32,2,2,open_circuit,open_circuit,0.5604692697525024,0.559514,0.0009552697525024856,1.0,MATCHED,
04_short_02.jpg,pytorch,tensorrt_fp32,1,1,short,short,0.6517846584320068,0.651247,0.0005376584320068156,1.0,MATCHED,
04_short_02.jpg,pytorch,tensorrt_fp32,2,2,short,short,0.624142050743103,0.625216,0.0010739492568969666,1.0,MATCHED,
04_short_02.jpg,pytorch,tensorrt_fp32,0,0,short,short,0.6652910113334656,0.665493,0.00020198866653442504,0.9904761904761905,MATCHED,
04_short_03.jpg,pytorch,tensorrt_fp32,0,0,short,short,0.9096536636352539,0.909297,0.00035666363525388434,1.0,MATCHED,
04_short_03.jpg,pytorch,tensorrt_fp32,1,1,short,short,0.7701491117477417,0.769564,0.0005851117477416734,1.0,MATCHED,
04_short_03.jpg,pytorch,tensorrt_fp32,2,2,short,short,0.444580078125,0.445178,0.0005979218750000181,1.0,MATCHED,
05_open_circuit_03.jpg,pytorch,tensorrt_fp32,0,0,open_circuit,open_circuit,0.9182968735694885,0.918337,4.01264305114335e-05,1.0,MATCHED,
05_open_circuit_03.jpg,pytorch,tensorrt_fp32,1,1,open_circuit,open_circuit,0.5513036251068115,0.551624,0.0003203748931884798,1.0,MATCHED,
05_open_circuit_03.jpg,pytorch,tensorrt_fp32,2,2,open_circuit,open_circuit,0.46667468547821045,0.465584,0.0010906854782104514,1.0,MATCHED,
05_open_circuit_04.jpg,pytorch,tensorrt_fp32,0,0,open_circuit,open_circuit,0.918103814125061,0.918107,3.185874938971267e-06,1.0,MATCHED,
05_open_circuit_04.jpg,pytorch,tensorrt_fp32,1,1,open_circuit,open_circuit,0.8543334603309631,0.854526,0.00019253966903687303,1.0,MATCHED,
05_open_circuit_04.jpg,pytorch,tensorrt_fp32,2,2,open_circuit,open_circuit,0.5527627468109131,0.551814,0.0009487468109130592,1.0,MATCHED,
05_open_circuit_04.jpg,pytorch,tensorrt_fp32,3,3,open_circuit,open_circuit,0.4669903814792633,0.465182,0.0018083814792633213,1.0,MATCHED,
05_open_circuit_04.jpg,pytorch,tensorrt_fp32,4,4,open_circuit,open_circuit,0.4477699398994446,0.446704,0.0010659398994445901,1.0,MATCHED,
05_open_circuit_06.jpg,pytorch,tensorrt_fp32,0,0,open_circuit,open_circuit,0.7671267986297607,0.766877,0.0002497986297607113,1.0,MATCHED,
05_open_circuit_06.jpg,pytorch,tensorrt_fp32,1,1,open_circuit,open_circuit,0.2472033053636551,0.24714,6.330536365509176e-05,1.0,MATCHED,
05_short_03.jpg,pytorch,tensorrt_fp32,0,0,short,short,0.9050511717796326,0.905197,0.00014582822036746101,1.0,MATCHED,
05_short_03.jpg,pytorch,tensorrt_fp32,1,1,short,short,0.8439433574676514,0.844058,0.00011464253234860777,1.0,MATCHED,
05_short_03.jpg,pytorch,tensorrt_fp32,2,2,short,short,0.7985417246818542,0.79872,0.0001782753181457375,1.0,MATCHED,
05_short_04.jpg,pytorch,tensorrt_fp32,0,0,short,short,0.7825401425361633,0.78332,0.0007798574638366862,1.0,MATCHED,
05_short_04.jpg,pytorch,tensorrt_fp32,2,2,short,short,0.5532808899879456,0.553201,7.988998794550284e-05,1.0,MATCHED,
05_short_04.jpg,pytorch,tensorrt_fp32,1,1,short,short,0.7219886779785156,0.721738,0.00025067797851563434,0.9894736842105263,WARNING,Confidence or bbox differs beyond the strict comparison tolerance.
05_short_06.jpg,pytorch,tensorrt_fp32,0,0,short,short,0.838956356048584,0.838794,0.0001623560485839448,1.0,MATCHED,
05_short_06.jpg,pytorch,tensorrt_fp32,1,1,short,short,0.8012601733207703,0.80144,0.00017982667922977758,1.0,MATCHED,
05_short_06.jpg,pytorch,tensorrt_fp32,,2,,short,,0.150476,,,FALSE_POSITIVE,Target backend returned an additional detection.
07_missing_hole_03.jpg,pytorch,tensorrt_fp32,0,0,missing_hole,missing_hole,0.92176753282547,0.922054,0.00028646717453006953,1.0,MATCHED,
07_missing_hole_03.jpg,pytorch,tensorrt_fp32,1,1,missing_hole,missing_hole,0.9138675928115845,0.913845,2.2592811584454253e-05,1.0,MATCHED,
07_missing_hole_03.jpg,pytorch,tensorrt_fp32,2,2,missing_hole,missing_hole,0.8845520615577698,0.884485,6.706155776980971e-05,1.0,MATCHED,
07_missing_hole_03.jpg,pytorch,tensorrt_fp32,3,3,missing_hole,missing_hole,0.8536537885665894,0.854007,0.0003532114334106051,1.0,MATCHED,
07_missing_hole_03.jpg,pytorch,tensorrt_fp32,4,4,missing_hole,missing_hole,0.6721959710121155,0.672333,0.00013702898788447992,1.0,MATCHED,
09_open_circuit_05.jpg,pytorch,tensorrt_fp32,0,0,open_circuit,open_circuit,0.871115505695343,0.870918,0.00019750569534304763,1.0,MATCHED,
09_open_circuit_05.jpg,pytorch,tensorrt_fp32,1,1,open_circuit,open_circuit,0.8268260359764099,0.826771,5.503597640987845e-05,1.0,MATCHED,
09_open_circuit_05.jpg,pytorch,tensorrt_fp32,2,2,open_circuit,open_circuit,0.804296612739563,0.803442,0.0008546127395629988,1.0,MATCHED,
09_open_circuit_05.jpg,pytorch,tensorrt_fp32,3,3,open_circuit,open_circuit,0.7662294507026672,0.76625,2.054929733275035e-05,1.0,MATCHED,
09_open_circuit_05.jpg,pytorch,tensorrt_fp32,4,4,open_circuit,open_circuit,0.4243176579475403,0.423187,0.0011306579475403034,1.0,MATCHED,
09_short_05.jpg,pytorch,tensorrt_fp32,0,0,short,short,0.9199681282043457,0.920204,0.00023587179565431882,1.0,MATCHED,
09_short_05.jpg,pytorch,tensorrt_fp32,1,1,short,short,0.8376830816268921,0.837706,2.2918373107860823e-05,1.0,MATCHED,
09_short_05.jpg,pytorch,tensorrt_fp32,2,2,short,short,0.8303712606430054,0.830921,0.0005497393569946496,1.0,MATCHED,
09_short_05.jpg,pytorch,tensorrt_fp32,3,3,short,short,0.7967469096183777,0.796608,0.00013890961837770277,1.0,MATCHED,
09_short_05.jpg,pytorch,tensorrt_fp32,4,4,short,short,0.6525803208351135,0.65247,0.00011032083511353097,1.0,MATCHED,
10_open_circuit_06.jpg,pytorch,tensorrt_fp32,0,0,open_circuit,open_circuit,0.9170157313346863,0.916991,2.473133468627875e-05,1.0,MATCHED,
10_open_circuit_06.jpg,pytorch,tensorrt_fp32,1,1,open_circuit,open_circuit,0.9102001786231995,0.910156,4.4178623199497835e-05,1.0,MATCHED,
10_open_circuit_06.jpg,pytorch,tensorrt_fp32,2,2,open_circuit,open_circuit,0.7697051167488098,0.769284,0.0004211167488098466,1.0,MATCHED,
10_open_circuit_06.jpg,pytorch,tensorrt_fp32,3,3,open_circuit,open_circuit,0.692541241645813,0.691468,0.0010732416458130167,1.0,MATCHED,
10_open_circuit_06.jpg,pytorch,tensorrt_fp32,4,4,open_circuit,open_circuit,0.5454599857330322,0.545777,0.00031701426696773005,1.0,MATCHED,
11_short_02.jpg,pytorch,tensorrt_fp32,0,0,short,short,0.8972700238227844,0.897059,0.00021102382278437304,1.0,MATCHED,
11_short_02.jpg,pytorch,tensorrt_fp32,1,1,short,short,0.8749858140945435,0.875089,0.00010318590545654871,1.0,MATCHED,
11_short_02.jpg,pytorch,tensorrt_fp32,2,2,short,short,0.8117009401321411,0.811022,0.0006789401321410926,1.0,MATCHED,
11_short_02.jpg,pytorch,tensorrt_fp32,3,3,short,short,0.7948117852210999,0.794511,0.00030078522109988626,1.0,MATCHED,
11_short_02.jpg,pytorch,tensorrt_fp32,4,4,short,short,0.5008881092071533,0.501601,0.0007128907928466433,1.0,MATCHED,
12_open_circuit_03.jpg,pytorch,tensorrt_fp32,0,0,open_circuit,open_circuit,0.9246365427970886,0.924859,0.00022245720291136362,1.0,MATCHED,
12_open_circuit_03.jpg,pytorch,tensorrt_fp32,1,1,open_circuit,open_circuit,0.6727454662322998,0.672203,0.0005424662322998097,1.0,MATCHED,
12_open_circuit_03.jpg,pytorch,tensorrt_fp32,2,2,open_circuit,open_circuit,0.6274096369743347,0.627141,0.0002686369743347683,1.0,MATCHED,
12_open_circuit_03.jpg,pytorch,tensorrt_fp32,3,3,open_circuit,open_circuit,0.6164114475250244,0.617448,0.0010365524749755828,1.0,MATCHED,
12_open_circuit_03.jpg,pytorch,tensorrt_fp32,4,4,open_circuit,open_circuit,0.39099210500717163,0.390003,0.0009891050071716423,1.0,MATCHED,
12_short_03.jpg,pytorch,tensorrt_fp32,0,0,short,short,0.8642827868461609,0.864367,8.421315383910777e-05,1.0,MATCHED,
12_short_03.jpg,pytorch,tensorrt_fp32,1,1,short,short,0.8579527139663696,0.858258,0.00030528603363033646,1.0,MATCHED,
12_short_03.jpg,pytorch,tensorrt_fp32,2,2,short,short,0.814099133014679,0.8139,0.00019913301467899824,1.0,MATCHED,
12_short_03.jpg,pytorch,tensorrt_fp32,3,3,short,short,0.632397472858429,0.632264,0.00013347285842890688,1.0,MATCHED,
12_short_03.jpg,pytorch,tensorrt_fp32,4,4,short,short,0.56386399269104,0.563235,0.0006289926910399979,1.0,MATCHED,
01_missing_hole_03.jpg,pytorch,tensorrt_fp16,1,1,missing_hole,missing_hole,0.893036961555481,0.894052,0.0010150384445190008,1.0,MATCHED,
01_missing_hole_03.jpg,pytorch,tensorrt_fp16,2,2,missing_hole,missing_hole,0.8511297702789307,0.851956,0.0008262297210693825,1.0,MATCHED,
01_missing_hole_03.jpg,pytorch,tensorrt_fp16,0,0,missing_hole,missing_hole,0.9112392663955688,0.911177,6.226639556883296e-05,0.9827586206896551,WARNING,Confidence or bbox differs beyond the strict comparison tolerance.
01_open_circuit_02.jpg,pytorch,tensorrt_fp16,0,0,open_circuit,open_circuit,0.8675520420074463,0.867934,0.0003819579925536942,1.0,MATCHED,
01_open_circuit_02.jpg,pytorch,tensorrt_fp16,1,1,open_circuit,open_circuit,0.8606997728347778,0.860601,9.877283477788268e-05,1.0,MATCHED,
01_open_circuit_02.jpg,pytorch,tensorrt_fp16,2,2,open_circuit,open_circuit,0.5143941044807434,0.513668,0.0007261044807433947,1.0,MATCHED,
01_open_circuit_02.jpg,pytorch,tensorrt_fp16,3,3,short,short,0.22247305512428284,0.2227,0.00022694487571717215,1.0,MATCHED,
01_short_02.jpg,pytorch,tensorrt_fp16,0,0,short,short,0.848045825958252,0.848973,0.0009271740417480245,1.0,MATCHED,
01_short_02.jpg,pytorch,tensorrt_fp16,2,2,short,short,0.679621160030365,0.677474,0.0021471600303649696,1.0,MATCHED,
01_short_02.jpg,pytorch,tensorrt_fp16,1,1,short,short,0.8177884221076965,0.818738,0.0009495778923034326,0.9859154929577465,WARNING,Confidence or bbox differs beyond the strict comparison tolerance.
04_missing_hole_04.jpg,pytorch,tensorrt_fp16,0,0,missing_hole,missing_hole,0.8964186906814575,0.898414,0.0019953093185425264,1.0,MATCHED,
04_missing_hole_04.jpg,pytorch,tensorrt_fp16,1,1,missing_hole,missing_hole,0.8547323942184448,0.857766,0.0030336057815552042,1.0,MATCHED,
04_missing_hole_04.jpg,pytorch,tensorrt_fp16,2,2,missing_hole,missing_hole,0.6606377959251404,0.661923,0.0012852040748596583,1.0,MATCHED,
04_open_circuit_02.jpg,pytorch,tensorrt_fp16,0,0,open_circuit,open_circuit,0.8150784373283386,0.814053,0.0010254373283385965,1.0,MATCHED,
04_open_circuit_02.jpg,pytorch,tensorrt_fp16,1,1,open_circuit,open_circuit,0.27734413743019104,0.279829,0.0024848625698089544,1.0,MATCHED,
04_open_circuit_02.jpg,pytorch,tensorrt_fp16,2,2,open_circuit,open_circuit,0.20168444514274597,0.201813,0.00012855485725402072,0.9795918367346939,WARNING,Confidence or bbox differs beyond the strict comparison tolerance.
04_open_circuit_03.jpg,pytorch,tensorrt_fp16,0,1,open_circuit,open_circuit,0.7353897094726562,0.735642,0.0002522905273437681,1.0,MATCHED,
04_open_circuit_03.jpg,pytorch,tensorrt_fp16,1,0,open_circuit,open_circuit,0.7342721223831177,0.735642,0.0013698776168823423,1.0,MATCHED,
04_open_circuit_03.jpg,pytorch,tensorrt_fp16,2,2,open_circuit,open_circuit,0.5604692697525024,0.560253,0.0002162697525024404,1.0,MATCHED,
04_short_02.jpg,pytorch,tensorrt_fp16,0,0,short,short,0.6652910113334656,0.667147,0.0018559886665344694,1.0,MATCHED,
04_short_02.jpg,pytorch,tensorrt_fp16,1,1,short,short,0.6517846584320068,0.654895,0.003110341567993169,1.0,MATCHED,
04_short_02.jpg,pytorch,tensorrt_fp16,2,2,short,short,0.624142050743103,0.627952,0.0038099492568969273,1.0,MATCHED,
04_short_03.jpg,pytorch,tensorrt_fp16,0,0,short,short,0.9096536636352539,0.909904,0.00025033636474613985,1.0,MATCHED,
04_short_03.jpg,pytorch,tensorrt_fp16,1,1,short,short,0.7701491117477417,0.770463,0.00031388825225830974,1.0,MATCHED,
04_short_03.jpg,pytorch,tensorrt_fp16,2,2,short,short,0.444580078125,0.441673,0.0029070781250000177,0.9915966386554622,MATCHED,
05_open_circuit_03.jpg,pytorch,tensorrt_fp16,0,0,open_circuit,open_circuit,0.9182968735694885,0.918483,0.000186126430511524,1.0,MATCHED,
05_open_circuit_03.jpg,pytorch,tensorrt_fp16,1,1,open_circuit,open_circuit,0.5513036251068115,0.550608,0.0006956251068115371,1.0,MATCHED,
05_open_circuit_03.jpg,pytorch,tensorrt_fp16,2,2,open_circuit,open_circuit,0.46667468547821045,0.466845,0.00017031452178956075,0.9772727272727273,WARNING,Confidence or bbox differs beyond the strict comparison tolerance.
05_open_circuit_04.jpg,pytorch,tensorrt_fp16,1,1,open_circuit,open_circuit,0.8543334603309631,0.853913,0.00042046033096310165,1.0,MATCHED,
05_open_circuit_04.jpg,pytorch,tensorrt_fp16,2,2,open_circuit,open_circuit,0.5527627468109131,0.550608,0.0021547468109130996,1.0,MATCHED,
05_open_circuit_04.jpg,pytorch,tensorrt_fp16,4,4,open_circuit,open_circuit,0.4477699398994446,0.451326,0.003556060100555425,1.0,MATCHED,
05_open_circuit_04.jpg,pytorch,tensorrt_fp16,0,0,open_circuit,open_circuit,0.918103814125061,0.917896,0.00020781412506098995,0.9777777777777777,WARNING,Confidence or bbox differs beyond the strict comparison tolerance.
05_open_circuit_04.jpg,pytorch,tensorrt_fp16,3,3,open_circuit,open_circuit,0.4669903814792633,0.464901,0.002089381479263297,0.9772727272727273,WARNING,Confidence or bbox differs beyond the strict comparison tolerance.
05_open_circuit_06.jpg,pytorch,tensorrt_fp16,0,0,open_circuit,open_circuit,0.7671267986297607,0.769078,0.0019512013702392972,1.0,MATCHED,
05_open_circuit_06.jpg,pytorch,tensorrt_fp16,1,1,open_circuit,open_circuit,0.2472033053636551,0.249447,0.0022436946363449117,1.0,MATCHED,
05_short_03.jpg,pytorch,tensorrt_fp16,0,0,short,short,0.9050511717796326,0.906652,0.001600828220367445,1.0,MATCHED,
05_short_03.jpg,pytorch,tensorrt_fp16,1,1,short,short,0.8439433574676514,0.842865,0.0010783574676513918,1.0,MATCHED,
05_short_03.jpg,pytorch,tensorrt_fp16,2,2,short,short,0.7985417246818542,0.800692,0.0021502753181457113,1.0,MATCHED,
05_short_04.jpg,pytorch,tensorrt_fp16,0,0,short,short,0.7825401425361633,0.783988,0.0014478574638366881,1.0,MATCHED,
05_short_04.jpg,pytorch,tensorrt_fp16,1,1,short,short,0.7219886779785156,0.723309,0.0013203220214843547,1.0,MATCHED,
05_short_04.jpg,pytorch,tensorrt_fp16,2,2,short,short,0.5532808899879456,0.554471,0.0011901100120544905,1.0,MATCHED,
05_short_06.jpg,pytorch,tensorrt_fp16,0,0,short,short,0.838956356048584,0.839735,0.0007786439514160248,1.0,MATCHED,
05_short_06.jpg,pytorch,tensorrt_fp16,1,1,short,short,0.8012601733207703,0.801936,0.0006758266792297185,1.0,MATCHED,
05_short_06.jpg,pytorch,tensorrt_fp16,,2,,short,,0.150527,,,FALSE_POSITIVE,Target backend returned an additional detection.
07_missing_hole_03.jpg,pytorch,tensorrt_fp16,1,1,missing_hole,missing_hole,0.9138675928115845,0.91429,0.00042240718841557445,1.0,MATCHED,
07_missing_hole_03.jpg,pytorch,tensorrt_fp16,3,3,missing_hole,missing_hole,0.8536537885665894,0.852937,0.0007167885665894103,1.0,MATCHED,
07_missing_hole_03.jpg,pytorch,tensorrt_fp16,4,4,missing_hole,missing_hole,0.6721959710121155,0.67405,0.0018540289878845595,1.0,MATCHED,
07_missing_hole_03.jpg,pytorch,tensorrt_fp16,0,0,missing_hole,missing_hole,0.92176753282547,0.923039,0.0012714671745300832,0.9864864864864865,WARNING,Confidence or bbox differs beyond the strict comparison tolerance.
07_missing_hole_03.jpg,pytorch,tensorrt_fp16,2,2,missing_hole,missing_hole,0.8845520615577698,0.884835,0.00028293844223026277,0.9864864864864865,WARNING,Confidence or bbox differs beyond the strict comparison tolerance.
09_open_circuit_05.jpg,pytorch,tensorrt_fp16,0,0,open_circuit,open_circuit,0.871115505695343,0.870599,0.0005165056953430058,1.0,MATCHED,
09_open_circuit_05.jpg,pytorch,tensorrt_fp16,1,1,open_circuit,open_circuit,0.8268260359764099,0.827826,0.0009999640235900387,1.0,MATCHED,
09_open_circuit_05.jpg,pytorch,tensorrt_fp16,2,2,open_circuit,open_circuit,0.804296612739563,0.804406,0.00010938726043696612,1.0,MATCHED,
09_open_circuit_05.jpg,pytorch,tensorrt_fp16,3,3,open_circuit,open_circuit,0.7662294507026672,0.764889,0.0013404507026671952,1.0,MATCHED,
09_open_circuit_05.jpg,pytorch,tensorrt_fp16,4,4,open_circuit,open_circuit,0.4243176579475403,0.424412,9.434205245972827e-05,1.0,MATCHED,
09_short_05.jpg,pytorch,tensorrt_fp16,0,0,short,short,0.9199681282043457,0.919646,0.00032212820434573963,1.0,MATCHED,
09_short_05.jpg,pytorch,tensorrt_fp16,1,1,short,short,0.8376830816268921,0.838681,0.00099791837310792,1.0,MATCHED,
09_short_05.jpg,pytorch,tensorrt_fp16,2,2,short,short,0.8303712606430054,0.830042,0.00032926064300542457,1.0,MATCHED,
09_short_05.jpg,pytorch,tensorrt_fp16,3,3,short,short,0.7967469096183777,0.798187,0.0014400903816222943,1.0,MATCHED,
09_short_05.jpg,pytorch,tensorrt_fp16,4,4,short,short,0.6525803208351135,0.653127,0.0005466791648864877,1.0,MATCHED,
10_open_circuit_06.jpg,pytorch,tensorrt_fp16,0,0,open_circuit,open_circuit,0.9170157313346863,0.917305,0.0002892686653137577,1.0,MATCHED,
10_open_circuit_06.jpg,pytorch,tensorrt_fp16,1,1,open_circuit,open_circuit,0.9102001786231995,0.909904,0.0002961786231994168,1.0,MATCHED,
10_open_circuit_06.jpg,pytorch,tensorrt_fp16,2,2,open_circuit,open_circuit,0.7697051167488098,0.770463,0.0007578832511901945,1.0,MATCHED,
10_open_circuit_06.jpg,pytorch,tensorrt_fp16,3,3,open_circuit,open_circuit,0.692541241645813,0.692642,0.00010075835418699164,1.0,MATCHED,
10_open_circuit_06.jpg,pytorch,tensorrt_fp16,4,4,open_circuit,open_circuit,0.5454599857330322,0.544801,0.0006589857330322468,1.0,MATCHED,
11_short_02.jpg,pytorch,tensorrt_fp16,1,1,short,short,0.8749858140945435,0.874938,4.7814094543463526e-05,1.0,MATCHED,
11_short_02.jpg,pytorch,tensorrt_fp16,3,3,short,short,0.7948117852210999,0.794385,0.00042678522109984574,1.0,MATCHED,
11_short_02.jpg,pytorch,tensorrt_fp16,4,4,short,short,0.5008881092071533,0.501953,0.0010648907928466622,1.0,MATCHED,
11_short_02.jpg,pytorch,tensorrt_fp16,2,2,short,short,0.8117009401321411,0.811677,2.3940132141131443e-05,0.9906542056074766,MATCHED,
11_short_02.jpg,pytorch,tensorrt_fp16,0,0,short,short,0.8972700238227844,0.896978,0.0002920238227843708,0.99,MATCHED,
12_open_circuit_03.jpg,pytorch,tensorrt_fp16,0,0,open_circuit,open_circuit,0.9246365427970886,0.924689,5.2457202911360135e-05,1.0,MATCHED,
12_open_circuit_03.jpg,pytorch,tensorrt_fp16,1,1,open_circuit,open_circuit,0.6727454662322998,0.670608,0.002137466232299823,1.0,MATCHED,
12_open_circuit_03.jpg,pytorch,tensorrt_fp16,2,2,open_circuit,open_circuit,0.6274096369743347,0.629776,0.0023663630256652857,1.0,MATCHED,
12_open_circuit_03.jpg,pytorch,tensorrt_fp16,3,3,open_circuit,open_circuit,0.6164114475250244,0.61878,0.0023685524749755826,1.0,MATCHED,
12_open_circuit_03.jpg,pytorch,tensorrt_fp16,4,4,open_circuit,open_circuit,0.39099210500717163,0.388618,0.002374105007171612,1.0,MATCHED,
12_short_03.jpg,pytorch,tensorrt_fp16,0,0,short,short,0.8642827868461609,0.864309,2.6213153839105274e-05,1.0,MATCHED,
12_short_03.jpg,pytorch,tensorrt_fp16,1,1,short,short,0.8579527139663696,0.858716,0.0007632860336304059,1.0,MATCHED,
12_short_03.jpg,pytorch,tensorrt_fp16,2,2,short,short,0.814099133014679,0.814053,4.61330146789285e-05,1.0,MATCHED,
12_short_03.jpg,pytorch,tensorrt_fp16,3,3,short,short,0.632397472858429,0.631595,0.0008024728584289376,1.0,MATCHED,
12_short_03.jpg,pytorch,tensorrt_fp16,4,4,short,short,0.56386399269104,0.564099,0.000235007308959978,1.0,MATCHED,
01_missing_hole_03.jpg,tensorrt_fp32,tensorrt_fp16,1,1,missing_hole,missing_hole,0.89317,0.894052,0.0008819999999999384,1.0,MATCHED,
01_missing_hole_03.jpg,tensorrt_fp32,tensorrt_fp16,2,2,missing_hole,missing_hole,0.851832,0.851956,0.000124000000000013,1.0,MATCHED,
01_missing_hole_03.jpg,tensorrt_fp32,tensorrt_fp16,0,0,missing_hole,missing_hole,0.911629,0.911177,0.00045200000000000795,0.9827586206896551,WARNING,Confidence or bbox differs beyond the strict comparison tolerance.
01_open_circuit_02.jpg,tensorrt_fp32,tensorrt_fp16,0,0,open_circuit,open_circuit,0.868505,0.867934,0.0005709999999999882,1.0,MATCHED,
01_open_circuit_02.jpg,tensorrt_fp32,tensorrt_fp16,1,1,open_circuit,open_circuit,0.861131,0.860601,0.0005300000000000304,1.0,MATCHED,
01_open_circuit_02.jpg,tensorrt_fp32,tensorrt_fp16,2,2,open_circuit,open_circuit,0.514548,0.513668,0.0008799999999999919,1.0,MATCHED,
01_open_circuit_02.jpg,tensorrt_fp32,tensorrt_fp16,3,3,short,short,0.222407,0.2227,0.00029300000000001547,1.0,MATCHED,
01_short_02.jpg,tensorrt_fp32,tensorrt_fp16,0,0,short,short,0.84848,0.848973,0.0004929999999999657,1.0,MATCHED,
01_short_02.jpg,tensorrt_fp32,tensorrt_fp16,2,2,short,short,0.678861,0.677474,0.001387000000000027,1.0,MATCHED,
01_short_02.jpg,tensorrt_fp32,tensorrt_fp16,1,1,short,short,0.817874,0.818738,0.0008639999999999759,0.9859154929577465,WARNING,Confidence or bbox differs beyond the strict comparison tolerance.
04_missing_hole_04.jpg,tensorrt_fp32,tensorrt_fp16,0,0,missing_hole,missing_hole,0.895927,0.898414,0.002487000000000017,1.0,MATCHED,
04_missing_hole_04.jpg,tensorrt_fp32,tensorrt_fp16,1,1,missing_hole,missing_hole,0.855094,0.857766,0.0026720000000000077,1.0,MATCHED,
04_missing_hole_04.jpg,tensorrt_fp32,tensorrt_fp16,2,2,missing_hole,missing_hole,0.661506,0.661923,0.0004170000000000007,1.0,MATCHED,
04_open_circuit_02.jpg,tensorrt_fp32,tensorrt_fp16,0,0,open_circuit,open_circuit,0.814861,0.814053,0.0008079999999999199,1.0,MATCHED,
04_open_circuit_02.jpg,tensorrt_fp32,tensorrt_fp16,1,1,open_circuit,open_circuit,0.276818,0.279829,0.003010999999999986,1.0,MATCHED,
04_open_circuit_02.jpg,tensorrt_fp32,tensorrt_fp16,2,2,open_circuit,open_circuit,0.201478,0.201813,0.00033500000000000196,0.9795918367346939,WARNING,Confidence or bbox differs beyond the strict comparison tolerance.
04_open_circuit_03.jpg,tensorrt_fp32,tensorrt_fp16,0,1,open_circuit,open_circuit,0.735434,0.735642,0.00020799999999998597,1.0,MATCHED,
04_open_circuit_03.jpg,tensorrt_fp32,tensorrt_fp16,1,0,open_circuit,open_circuit,0.73446,0.735642,0.0011820000000000164,1.0,MATCHED,
04_open_circuit_03.jpg,tensorrt_fp32,tensorrt_fp16,2,2,open_circuit,open_circuit,0.559514,0.560253,0.0007390000000000452,1.0,MATCHED,
04_short_02.jpg,tensorrt_fp32,tensorrt_fp16,1,1,short,short,0.651247,0.654895,0.0036479999999999846,1.0,MATCHED,
04_short_02.jpg,tensorrt_fp32,tensorrt_fp16,2,2,short,short,0.625216,0.627952,0.0027359999999999607,1.0,MATCHED,
04_short_02.jpg,tensorrt_fp32,tensorrt_fp16,0,0,short,short,0.665493,0.667147,0.0016540000000000443,0.9904761904761905,MATCHED,
04_short_03.jpg,tensorrt_fp32,tensorrt_fp16,0,0,short,short,0.909297,0.909904,0.0006070000000000242,1.0,MATCHED,
04_short_03.jpg,tensorrt_fp32,tensorrt_fp16,1,1,short,short,0.769564,0.770463,0.0008989999999999831,1.0,MATCHED,
04_short_03.jpg,tensorrt_fp32,tensorrt_fp16,2,2,short,short,0.445178,0.441673,0.003505000000000036,0.9915966386554622,MATCHED,
05_open_circuit_03.jpg,tensorrt_fp32,tensorrt_fp16,0,0,open_circuit,open_circuit,0.918337,0.918483,0.0001460000000000905,1.0,MATCHED,
05_open_circuit_03.jpg,tensorrt_fp32,tensorrt_fp16,1,1,open_circuit,open_circuit,0.551624,0.550608,0.0010160000000000169,1.0,MATCHED,
05_open_circuit_03.jpg,tensorrt_fp32,tensorrt_fp16,2,2,open_circuit,open_circuit,0.465584,0.466845,0.0012610000000000121,0.9772727272727273,WARNING,Confidence or bbox differs beyond the strict comparison tolerance.
05_open_circuit_04.jpg,tensorrt_fp32,tensorrt_fp16,1,1,open_circuit,open_circuit,0.854526,0.853913,0.0006129999999999747,1.0,MATCHED,
05_open_circuit_04.jpg,tensorrt_fp32,tensorrt_fp16,2,2,open_circuit,open_circuit,0.551814,0.550608,0.0012060000000000404,1.0,MATCHED,
05_open_circuit_04.jpg,tensorrt_fp32,tensorrt_fp16,4,4,open_circuit,open_circuit,0.446704,0.451326,0.004622000000000015,1.0,MATCHED,
05_open_circuit_04.jpg,tensorrt_fp32,tensorrt_fp16,0,0,open_circuit,open_circuit,0.918107,0.917896,0.00021099999999996122,0.9777777777777777,WARNING,Confidence or bbox differs beyond the strict comparison tolerance.
05_open_circuit_04.jpg,tensorrt_fp32,tensorrt_fp16,3,3,open_circuit,open_circuit,0.465182,0.464901,0.0002809999999999757,0.9772727272727273,WARNING,Confidence or bbox differs beyond the strict comparison tolerance.
05_open_circuit_06.jpg,tensorrt_fp32,tensorrt_fp16,0,0,open_circuit,open_circuit,0.766877,0.769078,0.0022010000000000085,1.0,MATCHED,
05_open_circuit_06.jpg,tensorrt_fp32,tensorrt_fp16,1,1,open_circuit,open_circuit,0.24714,0.249447,0.0023070000000000035,1.0,MATCHED,
05_short_03.jpg,tensorrt_fp32,tensorrt_fp16,0,0,short,short,0.905197,0.906652,0.001454999999999984,1.0,MATCHED,
05_short_03.jpg,tensorrt_fp32,tensorrt_fp16,1,1,short,short,0.844058,0.842865,0.0011929999999999996,1.0,MATCHED,
05_short_03.jpg,tensorrt_fp32,tensorrt_fp16,2,2,short,short,0.79872,0.800692,0.0019719999999999738,1.0,MATCHED,
05_short_04.jpg,tensorrt_fp32,tensorrt_fp16,0,0,short,short,0.78332,0.783988,0.0006680000000000019,1.0,MATCHED,
05_short_04.jpg,tensorrt_fp32,tensorrt_fp16,2,2,short,short,0.553201,0.554471,0.0012699999999999934,1.0,MATCHED,
05_short_04.jpg,tensorrt_fp32,tensorrt_fp16,1,1,short,short,0.721738,0.723309,0.001570999999999989,0.9894736842105263,WARNING,Confidence or bbox differs beyond the strict comparison tolerance.
05_short_06.jpg,tensorrt_fp32,tensorrt_fp16,0,0,short,short,0.838794,0.839735,0.0009409999999999696,1.0,MATCHED,
05_short_06.jpg,tensorrt_fp32,tensorrt_fp16,1,1,short,short,0.80144,0.801936,0.0004959999999999409,1.0,MATCHED,
05_short_06.jpg,tensorrt_fp32,tensorrt_fp16,2,2,short,short,0.150476,0.150527,5.099999999999549e-05,1.0,MATCHED,
07_missing_hole_03.jpg,tensorrt_fp32,tensorrt_fp16,1,1,missing_hole,missing_hole,0.913845,0.91429,0.0004450000000000287,1.0,MATCHED,
07_missing_hole_03.jpg,tensorrt_fp32,tensorrt_fp16,3,3,missing_hole,missing_hole,0.854007,0.852937,0.0010700000000000154,1.0,MATCHED,
07_missing_hole_03.jpg,tensorrt_fp32,tensorrt_fp16,4,4,missing_hole,missing_hole,0.672333,0.67405,0.0017170000000000796,1.0,MATCHED,
07_missing_hole_03.jpg,tensorrt_fp32,tensorrt_fp16,0,0,missing_hole,missing_hole,0.922054,0.923039,0.0009850000000000136,0.9864864864864865,WARNING,Confidence or bbox differs beyond the strict comparison tolerance.
07_missing_hole_03.jpg,tensorrt_fp32,tensorrt_fp16,2,2,missing_hole,missing_hole,0.884485,0.884835,0.0003500000000000725,0.9864864864864865,WARNING,Confidence or bbox differs beyond the strict comparison tolerance.
09_open_circuit_05.jpg,tensorrt_fp32,tensorrt_fp16,0,0,open_circuit,open_circuit,0.870918,0.870599,0.0003189999999999582,1.0,MATCHED,
09_open_circuit_05.jpg,tensorrt_fp32,tensorrt_fp16,1,1,open_circuit,open_circuit,0.826771,0.827826,0.0010549999999999171,1.0,MATCHED,
09_open_circuit_05.jpg,tensorrt_fp32,tensorrt_fp16,2,2,open_circuit,open_circuit,0.803442,0.804406,0.0009639999999999649,1.0,MATCHED,
09_open_circuit_05.jpg,tensorrt_fp32,tensorrt_fp16,3,3,open_circuit,open_circuit,0.76625,0.764889,0.0013609999999999456,1.0,MATCHED,
09_open_circuit_05.jpg,tensorrt_fp32,tensorrt_fp16,4,4,open_circuit,open_circuit,0.423187,0.424412,0.0012250000000000316,1.0,MATCHED,
09_short_05.jpg,tensorrt_fp32,tensorrt_fp16,0,0,short,short,0.920204,0.919646,0.0005580000000000584,1.0,MATCHED,
09_short_05.jpg,tensorrt_fp32,tensorrt_fp16,1,1,short,short,0.837706,0.838681,0.0009750000000000592,1.0,MATCHED,
09_short_05.jpg,tensorrt_fp32,tensorrt_fp16,2,2,short,short,0.830921,0.830042,0.0008790000000000742,1.0,MATCHED,
09_short_05.jpg,tensorrt_fp32,tensorrt_fp16,3,3,short,short,0.796608,0.798187,0.001578999999999997,1.0,MATCHED,
09_short_05.jpg,tensorrt_fp32,tensorrt_fp16,4,4,short,short,0.65247,0.653127,0.0006570000000000187,1.0,MATCHED,
10_open_circuit_06.jpg,tensorrt_fp32,tensorrt_fp16,0,0,open_circuit,open_circuit,0.916991,0.917305,0.00031400000000003647,1.0,MATCHED,
10_open_circuit_06.jpg,tensorrt_fp32,tensorrt_fp16,1,1,open_circuit,open_circuit,0.910156,0.909904,0.00025199999999991896,1.0,MATCHED,
10_open_circuit_06.jpg,tensorrt_fp32,tensorrt_fp16,2,2,open_circuit,open_circuit,0.769284,0.770463,0.0011790000000000411,1.0,MATCHED,
10_open_circuit_06.jpg,tensorrt_fp32,tensorrt_fp16,3,3,open_circuit,open_circuit,0.691468,0.692642,0.0011740000000000084,1.0,MATCHED,
10_open_circuit_06.jpg,tensorrt_fp32,tensorrt_fp16,4,4,open_circuit,open_circuit,0.545777,0.544801,0.0009759999999999769,1.0,MATCHED,
11_short_02.jpg,tensorrt_fp32,tensorrt_fp16,1,1,short,short,0.875089,0.874938,0.00015100000000001224,1.0,MATCHED,
11_short_02.jpg,tensorrt_fp32,tensorrt_fp16,3,3,short,short,0.794511,0.794385,0.00012599999999995948,1.0,MATCHED,
11_short_02.jpg,tensorrt_fp32,tensorrt_fp16,4,4,short,short,0.501601,0.501953,0.00035200000000001896,1.0,MATCHED,
11_short_02.jpg,tensorrt_fp32,tensorrt_fp16,2,2,short,short,0.811022,0.811677,0.0006549999999999612,0.9906542056074766,MATCHED,
11_short_02.jpg,tensorrt_fp32,tensorrt_fp16,0,0,short,short,0.897059,0.896978,8.099999999999774e-05,0.99,MATCHED,
12_open_circuit_03.jpg,tensorrt_fp32,tensorrt_fp16,0,0,open_circuit,open_circuit,0.924859,0.924689,0.00017000000000000348,1.0,MATCHED,
12_open_circuit_03.jpg,tensorrt_fp32,tensorrt_fp16,1,1,open_circuit,open_circuit,0.672203,0.670608,0.001595000000000013,1.0,MATCHED,
12_open_circuit_03.jpg,tensorrt_fp32,tensorrt_fp16,2,2,open_circuit,open_circuit,0.627141,0.629776,0.002635000000000054,1.0,MATCHED,
12_open_circuit_03.jpg,tensorrt_fp32,tensorrt_fp16,3,3,open_circuit,open_circuit,0.617448,0.61878,0.0013319999999999999,1.0,MATCHED,
12_open_circuit_03.jpg,tensorrt_fp32,tensorrt_fp16,4,4,open_circuit,open_circuit,0.390003,0.388618,0.0013849999999999696,1.0,MATCHED,
12_short_03.jpg,tensorrt_fp32,tensorrt_fp16,0,0,short,short,0.864367,0.864309,5.8000000000002494e-05,1.0,MATCHED,
12_short_03.jpg,tensorrt_fp32,tensorrt_fp16,1,1,short,short,0.858258,0.858716,0.00045800000000006946,1.0,MATCHED,
12_short_03.jpg,tensorrt_fp32,tensorrt_fp16,2,2,short,short,0.8139,0.814053,0.00015300000000006975,1.0,MATCHED,
12_short_03.jpg,tensorrt_fp32,tensorrt_fp16,3,3,short,short,0.632264,0.631595,0.0006690000000000307,1.0,MATCHED,
12_short_03.jpg,tensorrt_fp32,tensorrt_fp16,4,4,short,short,0.563235,0.564099,0.0008639999999999759,1.0,MATCHED,
