image,provider,repeat_index,session_run_ms,total_ms
01_missing_hole_03.jpg,cpu,0,79.446000,96.054700
01_missing_hole_03.jpg,cpu,1,64.554000,81.161600
01_missing_hole_03.jpg,cpu,2,67.650400,84.257500
01_missing_hole_03.jpg,cpu,3,66.890600,83.500600
01_missing_hole_03.jpg,cpu,4,83.011600,99.615400
01_missing_hole_03.jpg,cpu,5,69.830000,86.432900
01_missing_hole_03.jpg,cpu,6,84.095100,100.696300
01_missing_hole_03.jpg,cpu,7,68.714500,85.319600
01_missing_hole_03.jpg,cpu,8,73.057800,89.662400
01_missing_hole_03.jpg,cpu,9,68.197600,84.794500
01_missing_hole_03.jpg,cpu,10,63.696400,80.300800
01_missing_hole_03.jpg,cpu,11,70.346500,86.951100
01_missing_hole_03.jpg,cpu,12,70.777400,87.384900
01_missing_hole_03.jpg,cpu,13,68.670500,85.269700
01_missing_hole_03.jpg,cpu,14,89.389100,105.989700
01_missing_hole_03.jpg,cpu,15,67.682700,84.287500
01_missing_hole_03.jpg,cpu,16,74.853000,91.454700
01_missing_hole_03.jpg,cpu,17,63.363100,79.962100
01_missing_hole_03.jpg,cpu,18,66.522800,83.123800
01_missing_hole_03.jpg,cpu,19,67.899100,84.505200
01_missing_hole_03.jpg,cpu,20,73.925100,90.531300
01_missing_hole_03.jpg,cpu,21,85.585700,102.192300
01_missing_hole_03.jpg,cpu,22,71.883700,88.483100
01_missing_hole_03.jpg,cpu,23,73.501800,90.098600
01_missing_hole_03.jpg,cpu,24,68.343300,84.949900
01_missing_hole_03.jpg,cpu,25,79.204400,95.836000
01_missing_hole_03.jpg,cpu,26,103.789400,120.433500
01_missing_hole_03.jpg,cpu,27,103.223300,119.826700
01_missing_hole_03.jpg,cpu,28,96.269000,112.866100
01_missing_hole_03.jpg,cpu,29,74.733600,91.330100
01_missing_hole_03.jpg,cuda,0,8.792600,25.383000
01_missing_hole_03.jpg,cuda,1,7.918800,24.547500
01_missing_hole_03.jpg,cuda,2,7.669100,24.257300
01_missing_hole_03.jpg,cuda,3,7.626500,24.215700
01_missing_hole_03.jpg,cuda,4,7.788500,24.377400
01_missing_hole_03.jpg,cuda,5,7.774200,24.370200
01_missing_hole_03.jpg,cuda,6,7.699600,24.287000
01_missing_hole_03.jpg,cuda,7,7.626600,24.214600
01_missing_hole_03.jpg,cuda,8,7.666700,24.256500
01_missing_hole_03.jpg,cuda,9,7.707300,24.295100
01_missing_hole_03.jpg,cuda,10,7.703800,24.291200
01_missing_hole_03.jpg,cuda,11,7.715400,24.303200
01_missing_hole_03.jpg,cuda,12,7.659900,24.247000
01_missing_hole_03.jpg,cuda,13,7.620600,24.207600
01_missing_hole_03.jpg,cuda,14,7.715100,24.302500
01_missing_hole_03.jpg,cuda,15,7.611900,24.198900
01_missing_hole_03.jpg,cuda,16,7.253400,23.840600
01_missing_hole_03.jpg,cuda,17,7.269800,23.856600
01_missing_hole_03.jpg,cuda,18,7.253900,23.840800
01_missing_hole_03.jpg,cuda,19,7.276700,23.863700
01_missing_hole_03.jpg,cuda,20,7.271300,23.859200
01_missing_hole_03.jpg,cuda,21,7.249800,23.837700
01_missing_hole_03.jpg,cuda,22,7.266300,23.856600
01_missing_hole_03.jpg,cuda,23,7.320400,23.907900
01_missing_hole_03.jpg,cuda,24,7.283400,23.870800
01_missing_hole_03.jpg,cuda,25,7.310500,23.897700
01_missing_hole_03.jpg,cuda,26,7.255200,23.843200
01_missing_hole_03.jpg,cuda,27,7.273800,23.861400
01_missing_hole_03.jpg,cuda,28,7.276700,23.863600
01_missing_hole_03.jpg,cuda,29,7.329800,23.917000
01_open_circuit_02.jpg,cpu,0,62.727800,79.549500
01_open_circuit_02.jpg,cpu,1,62.116700,78.936500
01_open_circuit_02.jpg,cpu,2,69.343800,86.160900
01_open_circuit_02.jpg,cpu,3,82.534200,99.392100
01_open_circuit_02.jpg,cpu,4,86.600600,103.451300
01_open_circuit_02.jpg,cpu,5,88.944000,105.756400
01_open_circuit_02.jpg,cpu,6,91.039200,107.862600
01_open_circuit_02.jpg,cpu,7,89.766600,106.622500
01_open_circuit_02.jpg,cpu,8,95.367500,112.180600
01_open_circuit_02.jpg,cpu,9,112.045700,128.901900
01_open_circuit_02.jpg,cpu,10,127.158400,144.023700
01_open_circuit_02.jpg,cpu,11,138.142200,155.016600
01_open_circuit_02.jpg,cpu,12,91.986700,108.855800
01_open_circuit_02.jpg,cpu,13,103.165600,120.015900
01_open_circuit_02.jpg,cpu,14,104.887700,121.743800
01_open_circuit_02.jpg,cpu,15,89.369900,106.193200
01_open_circuit_02.jpg,cpu,16,86.583800,103.409600
01_open_circuit_02.jpg,cpu,17,86.968700,103.851900
01_open_circuit_02.jpg,cpu,18,95.040300,111.915200
01_open_circuit_02.jpg,cpu,19,90.920600,107.774000
01_open_circuit_02.jpg,cpu,20,88.433600,105.285600
01_open_circuit_02.jpg,cpu,21,96.192800,113.042200
01_open_circuit_02.jpg,cpu,22,97.582900,114.450000
01_open_circuit_02.jpg,cpu,23,99.484000,116.336300
01_open_circuit_02.jpg,cpu,24,101.779100,118.623600
01_open_circuit_02.jpg,cpu,25,100.391000,117.239900
01_open_circuit_02.jpg,cpu,26,104.578600,121.433500
01_open_circuit_02.jpg,cpu,27,106.471400,123.323800
01_open_circuit_02.jpg,cpu,28,101.466800,118.319400
01_open_circuit_02.jpg,cpu,29,108.129700,124.983100
01_open_circuit_02.jpg,cuda,0,10.445300,27.257400
01_open_circuit_02.jpg,cuda,1,9.663300,26.473900
01_open_circuit_02.jpg,cuda,2,9.844100,26.653900
01_open_circuit_02.jpg,cuda,3,9.754100,26.563100
01_open_circuit_02.jpg,cuda,4,9.593800,26.402800
01_open_circuit_02.jpg,cuda,5,9.250800,26.059100
01_open_circuit_02.jpg,cuda,6,9.069400,25.877900
01_open_circuit_02.jpg,cuda,7,9.075300,25.883000
01_open_circuit_02.jpg,cuda,8,9.059700,25.867700
01_open_circuit_02.jpg,cuda,9,9.007800,25.815400
01_open_circuit_02.jpg,cuda,10,8.946800,25.754000
01_open_circuit_02.jpg,cuda,11,8.929900,25.737500
01_open_circuit_02.jpg,cuda,12,8.939100,25.747000
01_open_circuit_02.jpg,cuda,13,8.782300,25.589500
01_open_circuit_02.jpg,cuda,14,8.796000,25.603100
01_open_circuit_02.jpg,cuda,15,8.948800,25.756100
01_open_circuit_02.jpg,cuda,16,8.848800,25.656300
01_open_circuit_02.jpg,cuda,17,8.942800,25.750400
01_open_circuit_02.jpg,cuda,18,8.695900,25.503100
01_open_circuit_02.jpg,cuda,19,8.810600,25.622300
01_open_circuit_02.jpg,cuda,20,8.886000,25.693200
01_open_circuit_02.jpg,cuda,21,8.862000,25.669300
01_open_circuit_02.jpg,cuda,22,8.819100,25.626500
01_open_circuit_02.jpg,cuda,23,8.829500,25.652000
01_open_circuit_02.jpg,cuda,24,8.733800,25.540700
01_open_circuit_02.jpg,cuda,25,8.761500,25.568500
01_open_circuit_02.jpg,cuda,26,8.815600,25.622500
01_open_circuit_02.jpg,cuda,27,8.797900,25.604900
01_open_circuit_02.jpg,cuda,28,8.830100,25.636800
01_open_circuit_02.jpg,cuda,29,8.888100,25.694800
01_short_02.jpg,cpu,0,97.243300,114.534900
01_short_02.jpg,cpu,1,107.368100,124.642200
01_short_02.jpg,cpu,2,81.895600,99.175000
01_short_02.jpg,cpu,3,70.920300,88.200300
01_short_02.jpg,cpu,4,109.781200,127.090800
01_short_02.jpg,cpu,5,149.815700,167.120500
01_short_02.jpg,cpu,6,99.799000,117.067000
01_short_02.jpg,cpu,7,114.800400,132.113500
01_short_02.jpg,cpu,8,123.447500,140.797500
01_short_02.jpg,cpu,9,153.770500,171.167500
01_short_02.jpg,cpu,10,132.999800,150.393200
01_short_02.jpg,cpu,11,111.570300,128.915500
01_short_02.jpg,cpu,12,111.381400,128.700800
01_short_02.jpg,cpu,13,111.412800,128.726400
01_short_02.jpg,cpu,14,118.213100,135.525400
01_short_02.jpg,cpu,15,114.603700,131.925500
01_short_02.jpg,cpu,16,100.087500,117.403200
01_short_02.jpg,cpu,17,119.892300,137.198300
01_short_02.jpg,cpu,18,113.969500,131.286000
01_short_02.jpg,cpu,19,93.043700,110.318000
01_short_02.jpg,cpu,20,89.081500,106.387600
01_short_02.jpg,cpu,21,84.141200,101.450000
01_short_02.jpg,cpu,22,84.748200,102.053600
01_short_02.jpg,cpu,23,84.351100,101.654900
01_short_02.jpg,cpu,24,84.689000,101.993400
01_short_02.jpg,cpu,25,84.413600,101.730200
01_short_02.jpg,cpu,26,81.090200,98.361800
01_short_02.jpg,cpu,27,83.271400,100.577500
01_short_02.jpg,cpu,28,81.672300,98.982100
01_short_02.jpg,cpu,29,83.483800,100.802200
01_short_02.jpg,cuda,0,8.817600,26.115500
01_short_02.jpg,cuda,1,7.948800,25.244200
01_short_02.jpg,cuda,2,7.796300,25.090900
01_short_02.jpg,cuda,3,8.689400,25.950500
01_short_02.jpg,cuda,4,8.937400,26.198400
01_short_02.jpg,cuda,5,9.636500,26.938100
01_short_02.jpg,cuda,6,9.191900,26.455700
01_short_02.jpg,cuda,7,8.980000,26.240400
01_short_02.jpg,cuda,8,8.994400,26.254700
01_short_02.jpg,cuda,9,9.046000,26.306600
01_short_02.jpg,cuda,10,8.927300,26.223000
01_short_02.jpg,cuda,11,9.783000,27.046700
01_short_02.jpg,cuda,12,9.313700,26.581300
01_short_02.jpg,cuda,13,9.302800,26.564300
01_short_02.jpg,cuda,14,9.256000,26.518000
01_short_02.jpg,cuda,15,9.109600,26.376100
01_short_02.jpg,cuda,16,9.143700,26.405200
01_short_02.jpg,cuda,17,9.183100,26.444500
01_short_02.jpg,cuda,18,9.052700,26.313100
01_short_02.jpg,cuda,19,9.103400,26.364400
01_short_02.jpg,cuda,20,9.023100,26.284100
01_short_02.jpg,cuda,21,9.139600,26.400500
01_short_02.jpg,cuda,22,8.970400,26.230700
01_short_02.jpg,cuda,23,8.960700,26.221600
01_short_02.jpg,cuda,24,8.992900,26.253100
01_short_02.jpg,cuda,25,9.010600,26.270700
01_short_02.jpg,cuda,26,9.151400,26.412500
01_short_02.jpg,cuda,27,9.338600,26.600400
01_short_02.jpg,cuda,28,9.137900,26.398700
01_short_02.jpg,cuda,29,9.257600,26.518600
04_missing_hole_04.jpg,cpu,0,84.006900,100.239200
04_missing_hole_04.jpg,cpu,1,91.969400,108.205500
04_missing_hole_04.jpg,cpu,2,95.368200,111.596900
04_missing_hole_04.jpg,cpu,3,93.408500,109.641700
04_missing_hole_04.jpg,cpu,4,94.070700,110.314600
04_missing_hole_04.jpg,cpu,5,95.052900,111.292000
04_missing_hole_04.jpg,cpu,6,92.582700,108.813900
04_missing_hole_04.jpg,cpu,7,96.424700,112.660700
04_missing_hole_04.jpg,cpu,8,107.353800,123.583500
04_missing_hole_04.jpg,cpu,9,111.316600,127.546300
04_missing_hole_04.jpg,cpu,10,95.691800,111.934100
04_missing_hole_04.jpg,cpu,11,102.588700,118.830300
04_missing_hole_04.jpg,cpu,12,107.000600,123.234200
04_missing_hole_04.jpg,cpu,13,103.359800,119.553400
04_missing_hole_04.jpg,cpu,14,93.511200,109.742700
04_missing_hole_04.jpg,cpu,15,101.448300,117.682800
04_missing_hole_04.jpg,cpu,16,101.899500,118.093400
04_missing_hole_04.jpg,cpu,17,95.190300,111.425000
04_missing_hole_04.jpg,cpu,18,92.433600,108.627500
04_missing_hole_04.jpg,cpu,19,85.067200,101.305200
04_missing_hole_04.jpg,cpu,20,93.694700,109.935200
04_missing_hole_04.jpg,cpu,21,105.272000,121.506300
04_missing_hole_04.jpg,cpu,22,95.594600,111.841600
04_missing_hole_04.jpg,cpu,23,93.331100,109.525000
04_missing_hole_04.jpg,cpu,24,101.553000,117.777800
04_missing_hole_04.jpg,cpu,25,138.700700,154.899100
04_missing_hole_04.jpg,cpu,26,98.091100,114.289800
04_missing_hole_04.jpg,cpu,27,94.151200,110.403700
04_missing_hole_04.jpg,cpu,28,100.709900,116.939800
04_missing_hole_04.jpg,cpu,29,94.078100,110.311400
04_missing_hole_04.jpg,cuda,0,11.070900,27.289700
04_missing_hole_04.jpg,cuda,1,10.686000,26.953900
04_missing_hole_04.jpg,cuda,2,10.271900,26.459400
04_missing_hole_04.jpg,cuda,3,10.681900,26.870400
04_missing_hole_04.jpg,cuda,4,9.503400,25.690500
04_missing_hole_04.jpg,cuda,5,9.327300,25.532500
04_missing_hole_04.jpg,cuda,6,9.572900,25.759400
04_missing_hole_04.jpg,cuda,7,9.271200,25.458100
04_missing_hole_04.jpg,cuda,8,9.023700,25.209800
04_missing_hole_04.jpg,cuda,9,8.876900,25.062800
04_missing_hole_04.jpg,cuda,10,8.905800,25.091600
04_missing_hole_04.jpg,cuda,11,8.943800,25.128800
04_missing_hole_04.jpg,cuda,12,8.771300,24.956200
04_missing_hole_04.jpg,cuda,13,8.803600,24.988700
04_missing_hole_04.jpg,cuda,14,8.805500,24.990400
04_missing_hole_04.jpg,cuda,15,9.067300,25.253000
04_missing_hole_04.jpg,cuda,16,8.905500,25.090800
04_missing_hole_04.jpg,cuda,17,8.916000,25.101700
04_missing_hole_04.jpg,cuda,18,8.893700,25.078800
04_missing_hole_04.jpg,cuda,19,8.836600,25.021500
04_missing_hole_04.jpg,cuda,20,8.888100,25.073400
04_missing_hole_04.jpg,cuda,21,8.797600,24.982700
04_missing_hole_04.jpg,cuda,22,9.018100,25.203500
04_missing_hole_04.jpg,cuda,23,8.800100,24.990000
04_missing_hole_04.jpg,cuda,24,8.817100,25.002000
04_missing_hole_04.jpg,cuda,25,8.827900,25.013200
04_missing_hole_04.jpg,cuda,26,10.648600,26.837000
04_missing_hole_04.jpg,cuda,27,10.153000,26.341200
04_missing_hole_04.jpg,cuda,28,9.358600,25.545000
04_missing_hole_04.jpg,cuda,29,9.197600,25.384300
04_open_circuit_02.jpg,cpu,0,115.544500,131.226100
04_open_circuit_02.jpg,cpu,1,73.793400,89.439800
04_open_circuit_02.jpg,cpu,2,84.293300,99.973800
04_open_circuit_02.jpg,cpu,3,81.478400,97.159100
04_open_circuit_02.jpg,cpu,4,83.325100,99.005200
04_open_circuit_02.jpg,cpu,5,91.360500,107.043700
04_open_circuit_02.jpg,cpu,6,92.321900,108.016100
04_open_circuit_02.jpg,cpu,7,100.115900,115.804200
04_open_circuit_02.jpg,cpu,8,89.413900,105.060800
04_open_circuit_02.jpg,cpu,9,93.710400,109.390400
04_open_circuit_02.jpg,cpu,10,98.229800,113.912200
04_open_circuit_02.jpg,cpu,11,103.352800,119.000500
04_open_circuit_02.jpg,cpu,12,107.671400,123.361800
04_open_circuit_02.jpg,cpu,13,96.540200,112.231100
04_open_circuit_02.jpg,cpu,14,96.150800,111.840400
04_open_circuit_02.jpg,cpu,15,101.734000,117.424400
04_open_circuit_02.jpg,cpu,16,104.722300,120.413900
04_open_circuit_02.jpg,cpu,17,96.011500,111.696400
04_open_circuit_02.jpg,cpu,18,95.000800,110.703700
04_open_circuit_02.jpg,cpu,19,102.811900,118.502900
04_open_circuit_02.jpg,cpu,20,92.655600,108.306700
04_open_circuit_02.jpg,cpu,21,96.002800,111.684300
04_open_circuit_02.jpg,cpu,22,83.172200,98.851700
04_open_circuit_02.jpg,cpu,23,96.469100,112.151300
04_open_circuit_02.jpg,cpu,24,98.566400,114.241600
04_open_circuit_02.jpg,cpu,25,91.634200,107.319400
04_open_circuit_02.jpg,cpu,26,93.909000,109.599100
04_open_circuit_02.jpg,cpu,27,100.200700,115.908300
04_open_circuit_02.jpg,cpu,28,106.190300,121.876800
04_open_circuit_02.jpg,cpu,29,96.798600,112.447300
04_open_circuit_02.jpg,cuda,0,9.369300,25.046800
04_open_circuit_02.jpg,cuda,1,8.130400,23.806900
04_open_circuit_02.jpg,cuda,2,8.016000,23.657300
04_open_circuit_02.jpg,cuda,3,8.036200,23.682700
04_open_circuit_02.jpg,cuda,4,8.112900,23.755100
04_open_circuit_02.jpg,cuda,5,8.202700,23.844900
04_open_circuit_02.jpg,cuda,6,8.109200,23.797900
04_open_circuit_02.jpg,cuda,7,8.045700,23.694300
04_open_circuit_02.jpg,cuda,8,8.161100,23.847500
04_open_circuit_02.jpg,cuda,9,8.237700,23.880200
04_open_circuit_02.jpg,cuda,10,8.151200,23.794100
04_open_circuit_02.jpg,cuda,11,8.307700,23.949600
04_open_circuit_02.jpg,cuda,12,8.084800,23.726700
04_open_circuit_02.jpg,cuda,13,8.068500,23.717000
04_open_circuit_02.jpg,cuda,14,8.272300,23.917100
04_open_circuit_02.jpg,cuda,15,8.505200,24.183700
04_open_circuit_02.jpg,cuda,16,8.489100,24.133100
04_open_circuit_02.jpg,cuda,17,7.828800,23.472400
04_open_circuit_02.jpg,cuda,18,7.915000,23.570400
04_open_circuit_02.jpg,cuda,19,7.805600,23.449700
04_open_circuit_02.jpg,cuda,20,7.753600,23.396500
04_open_circuit_02.jpg,cuda,21,7.643700,23.285600
04_open_circuit_02.jpg,cuda,22,7.600500,23.241800
04_open_circuit_02.jpg,cuda,23,7.650100,23.291400
04_open_circuit_02.jpg,cuda,24,7.451600,23.098000
04_open_circuit_02.jpg,cuda,25,7.419200,23.059800
04_open_circuit_02.jpg,cuda,26,7.258300,22.906300
04_open_circuit_02.jpg,cuda,27,7.423700,23.064200
04_open_circuit_02.jpg,cuda,28,7.285100,22.931200
04_open_circuit_02.jpg,cuda,29,7.385200,23.025700
04_open_circuit_03.jpg,cpu,0,80.371800,95.624500
04_open_circuit_03.jpg,cpu,1,83.173800,98.427500
04_open_circuit_03.jpg,cpu,2,88.236400,103.492300
04_open_circuit_03.jpg,cpu,3,95.714400,110.974700
04_open_circuit_03.jpg,cpu,4,91.487200,106.744500
04_open_circuit_03.jpg,cpu,5,91.585000,106.839000
04_open_circuit_03.jpg,cpu,6,90.245500,105.499900
04_open_circuit_03.jpg,cpu,7,93.302400,108.569000
04_open_circuit_03.jpg,cpu,8,102.349600,117.611800
04_open_circuit_03.jpg,cpu,9,111.777900,127.036100
04_open_circuit_03.jpg,cpu,10,107.292500,122.547300
04_open_circuit_03.jpg,cpu,11,98.240900,113.495800
04_open_circuit_03.jpg,cpu,12,98.995900,114.257900
04_open_circuit_03.jpg,cpu,13,101.626500,116.881700
04_open_circuit_03.jpg,cpu,14,98.486200,113.755400
04_open_circuit_03.jpg,cpu,15,93.297800,108.559700
04_open_circuit_03.jpg,cpu,16,103.972800,119.235100
04_open_circuit_03.jpg,cpu,17,97.844300,113.097800
04_open_circuit_03.jpg,cpu,18,93.164600,108.420600
04_open_circuit_03.jpg,cpu,19,88.622900,103.850700
04_open_circuit_03.jpg,cpu,20,88.630500,103.898300
04_open_circuit_03.jpg,cpu,21,95.937300,111.191300
04_open_circuit_03.jpg,cpu,22,98.322000,113.577200
04_open_circuit_03.jpg,cpu,23,92.858500,108.124200
04_open_circuit_03.jpg,cpu,24,98.807700,114.063100
04_open_circuit_03.jpg,cpu,25,105.411300,120.672800
04_open_circuit_03.jpg,cpu,26,107.442800,122.700100
04_open_circuit_03.jpg,cpu,27,94.215000,109.468700
04_open_circuit_03.jpg,cpu,28,96.761700,112.017500
04_open_circuit_03.jpg,cpu,29,103.202700,118.489400
04_open_circuit_03.jpg,cuda,0,8.789000,24.006700
04_open_circuit_03.jpg,cuda,1,8.022800,23.238900
04_open_circuit_03.jpg,cuda,2,7.999500,23.214200
04_open_circuit_03.jpg,cuda,3,7.825200,23.040100
04_open_circuit_03.jpg,cuda,4,8.069000,23.283700
04_open_circuit_03.jpg,cuda,5,7.418100,22.632700
04_open_circuit_03.jpg,cuda,6,7.592100,22.806500
04_open_circuit_03.jpg,cuda,7,7.513600,22.738300
04_open_circuit_03.jpg,cuda,8,7.458700,22.672300
04_open_circuit_03.jpg,cuda,9,7.350400,22.564200
04_open_circuit_03.jpg,cuda,10,8.885000,24.100500
04_open_circuit_03.jpg,cuda,11,7.660000,22.874200
04_open_circuit_03.jpg,cuda,12,7.482900,22.696800
04_open_circuit_03.jpg,cuda,13,7.423100,22.636400
04_open_circuit_03.jpg,cuda,14,7.425300,22.639000
04_open_circuit_03.jpg,cuda,15,7.448500,22.662200
04_open_circuit_03.jpg,cuda,16,7.375800,22.589000
04_open_circuit_03.jpg,cuda,17,7.348100,22.561300
04_open_circuit_03.jpg,cuda,18,7.366000,22.579100
04_open_circuit_03.jpg,cuda,19,7.436800,22.650100
04_open_circuit_03.jpg,cuda,20,7.490800,22.710100
04_open_circuit_03.jpg,cuda,21,7.414500,22.628000
04_open_circuit_03.jpg,cuda,22,7.401500,22.615000
04_open_circuit_03.jpg,cuda,23,7.344300,22.557600
04_open_circuit_03.jpg,cuda,24,7.356100,22.569300
04_open_circuit_03.jpg,cuda,25,7.365600,22.579000
04_open_circuit_03.jpg,cuda,26,7.373600,22.586900
04_open_circuit_03.jpg,cuda,27,7.347100,22.560400
04_open_circuit_03.jpg,cuda,28,7.417100,22.630100
04_open_circuit_03.jpg,cuda,29,7.383100,22.596300
04_short_02.jpg,cpu,0,94.608100,109.708600
04_short_02.jpg,cpu,1,82.421200,97.519300
04_short_02.jpg,cpu,2,83.047700,98.140600
04_short_02.jpg,cpu,3,84.213200,99.309700
04_short_02.jpg,cpu,4,82.415700,97.512900
04_short_02.jpg,cpu,5,87.735500,102.835000
04_short_02.jpg,cpu,6,97.414000,112.519700
04_short_02.jpg,cpu,7,92.004000,107.103000
04_short_02.jpg,cpu,8,91.031100,106.121900
04_short_02.jpg,cpu,9,97.111000,112.202900
04_short_02.jpg,cpu,10,93.827600,108.929000
04_short_02.jpg,cpu,11,105.599300,120.699700
04_short_02.jpg,cpu,12,106.590800,121.697600
04_short_02.jpg,cpu,13,101.115900,116.207500
04_short_02.jpg,cpu,14,92.094600,107.186400
04_short_02.jpg,cpu,15,100.989100,116.102600
04_short_02.jpg,cpu,16,102.106200,117.215300
04_short_02.jpg,cpu,17,98.547000,113.604600
04_short_02.jpg,cpu,18,88.721200,103.826700
04_short_02.jpg,cpu,19,99.775400,114.868000
04_short_02.jpg,cpu,20,95.131600,110.226300
04_short_02.jpg,cpu,21,90.514100,105.606600
04_short_02.jpg,cpu,22,94.800300,109.894900
04_short_02.jpg,cpu,23,95.322200,110.379800
04_short_02.jpg,cpu,24,99.542200,114.648300
04_short_02.jpg,cpu,25,92.668400,107.759200
04_short_02.jpg,cpu,26,91.742700,106.803500
04_short_02.jpg,cpu,27,102.108700,117.214600
04_short_02.jpg,cpu,28,105.969600,121.062300
04_short_02.jpg,cpu,29,107.123100,122.231900
04_short_02.jpg,cuda,0,9.260900,24.316400
04_short_02.jpg,cuda,1,8.682000,23.767400
04_short_02.jpg,cuda,2,7.863300,22.947600
04_short_02.jpg,cuda,3,7.877800,22.928600
04_short_02.jpg,cuda,4,7.722800,22.772200
04_short_02.jpg,cuda,5,7.693400,22.742800
04_short_02.jpg,cuda,6,7.700700,22.751300
04_short_02.jpg,cuda,7,7.755300,22.804500
04_short_02.jpg,cuda,8,7.847900,22.898000
04_short_02.jpg,cuda,9,7.825200,22.874200
04_short_02.jpg,cuda,10,7.716600,22.765700
04_short_02.jpg,cuda,11,7.824600,22.873800
04_short_02.jpg,cuda,12,7.815100,22.866100
04_short_02.jpg,cuda,13,8.096000,23.146700
04_short_02.jpg,cuda,14,7.906700,22.956700
04_short_02.jpg,cuda,15,7.942000,22.991400
04_short_02.jpg,cuda,16,7.494300,22.543900
04_short_02.jpg,cuda,17,7.532800,22.582200
04_short_02.jpg,cuda,18,7.701500,22.751700
04_short_02.jpg,cuda,19,7.590500,22.643000
04_short_02.jpg,cuda,20,7.688500,22.784200
04_short_02.jpg,cuda,21,7.784100,22.836000
04_short_02.jpg,cuda,22,8.610400,23.662000
04_short_02.jpg,cuda,23,7.702100,22.754200
04_short_02.jpg,cuda,24,7.683800,22.735600
04_short_02.jpg,cuda,25,7.635700,22.686800
04_short_02.jpg,cuda,26,7.666500,22.764100
04_short_02.jpg,cuda,27,7.832800,22.930400
04_short_02.jpg,cuda,28,7.715800,22.837000
04_short_02.jpg,cuda,29,7.715200,22.797700
04_short_03.jpg,cpu,0,82.100200,98.307200
04_short_03.jpg,cpu,1,82.498600,98.672400
04_short_03.jpg,cpu,2,91.834300,108.007000
04_short_03.jpg,cpu,3,91.701200,107.910600
04_short_03.jpg,cpu,4,92.795900,109.014000
04_short_03.jpg,cpu,5,92.120700,108.330300
04_short_03.jpg,cpu,6,92.033300,108.242400
04_short_03.jpg,cpu,7,93.842900,110.021500
04_short_03.jpg,cpu,8,103.489600,119.699400
04_short_03.jpg,cpu,9,105.470600,121.650400
04_short_03.jpg,cpu,10,100.656100,116.862900
04_short_03.jpg,cpu,11,95.223700,111.402800
04_short_03.jpg,cpu,12,100.453900,116.668100
04_short_03.jpg,cpu,13,105.030000,121.237000
04_short_03.jpg,cpu,14,98.535400,114.746500
04_short_03.jpg,cpu,15,91.953400,108.134900
04_short_03.jpg,cpu,16,99.765100,115.973800
04_short_03.jpg,cpu,17,92.068600,108.291700
04_short_03.jpg,cpu,18,95.656400,111.875900
04_short_03.jpg,cpu,19,92.100800,108.272900
04_short_03.jpg,cpu,20,97.630000,113.838100
04_short_03.jpg,cpu,21,99.716100,115.933500
04_short_03.jpg,cpu,22,96.499800,112.707900
04_short_03.jpg,cpu,23,91.901900,108.112800
04_short_03.jpg,cpu,24,100.634200,116.874800
04_short_03.jpg,cpu,25,102.358700,118.579900
04_short_03.jpg,cpu,26,93.901200,110.116700
04_short_03.jpg,cpu,27,93.982300,110.201900
04_short_03.jpg,cpu,28,99.345300,115.554200
04_short_03.jpg,cpu,29,94.651300,110.859400
04_short_03.jpg,cuda,0,10.733400,26.909800
04_short_03.jpg,cuda,1,11.189100,27.410400
04_short_03.jpg,cuda,2,12.742800,28.912700
04_short_03.jpg,cuda,3,11.240900,27.410100
04_short_03.jpg,cuda,4,10.119600,26.288200
04_short_03.jpg,cuda,5,10.302200,26.477400
04_short_03.jpg,cuda,6,10.884000,27.097500
04_short_03.jpg,cuda,7,11.834000,28.000900
04_short_03.jpg,cuda,8,10.124000,26.291000
04_short_03.jpg,cuda,9,9.320000,25.485900
04_short_03.jpg,cuda,10,9.008700,25.173400
04_short_03.jpg,cuda,11,9.191700,25.356900
04_short_03.jpg,cuda,12,8.872000,25.037200
04_short_03.jpg,cuda,13,8.840200,25.004900
04_short_03.jpg,cuda,14,8.805200,24.969400
04_short_03.jpg,cuda,15,8.886100,25.050600
04_short_03.jpg,cuda,16,8.788500,24.952500
04_short_03.jpg,cuda,17,8.790900,24.955400
04_short_03.jpg,cuda,18,8.824400,24.988600
04_short_03.jpg,cuda,19,8.745200,24.909900
04_short_03.jpg,cuda,20,8.806700,24.971200
04_short_03.jpg,cuda,21,8.825700,24.989700
04_short_03.jpg,cuda,22,8.891900,25.056100
04_short_03.jpg,cuda,23,8.836200,25.000100
04_short_03.jpg,cuda,24,8.798200,24.962400
04_short_03.jpg,cuda,25,9.136500,25.350300
04_short_03.jpg,cuda,26,9.073900,25.238900
04_short_03.jpg,cuda,27,8.886100,25.050700
04_short_03.jpg,cuda,28,8.864100,25.028400
04_short_03.jpg,cuda,29,8.915600,25.080200
05_open_circuit_03.jpg,cpu,0,90.502400,106.358300
05_open_circuit_03.jpg,cpu,1,83.949100,99.818100
05_open_circuit_03.jpg,cpu,2,84.932500,100.786500
05_open_circuit_03.jpg,cpu,3,82.777900,98.640900
05_open_circuit_03.jpg,cpu,4,82.811400,98.665200
05_open_circuit_03.jpg,cpu,5,91.017300,106.871900
05_open_circuit_03.jpg,cpu,6,93.458000,109.315200
05_open_circuit_03.jpg,cpu,7,94.444400,110.318800
05_open_circuit_03.jpg,cpu,8,94.267400,110.145000
05_open_circuit_03.jpg,cpu,9,88.883000,104.737100
05_open_circuit_03.jpg,cpu,10,93.905500,109.765300
05_open_circuit_03.jpg,cpu,11,106.916700,122.785100
05_open_circuit_03.jpg,cpu,12,111.039900,126.902400
05_open_circuit_03.jpg,cpu,13,102.582400,118.437800
05_open_circuit_03.jpg,cpu,14,92.678600,108.533400
05_open_circuit_03.jpg,cpu,15,101.188100,117.043300
05_open_circuit_03.jpg,cpu,16,106.426700,122.293200
05_open_circuit_03.jpg,cpu,17,93.035300,108.892400
05_open_circuit_03.jpg,cpu,18,94.077000,109.946900
05_open_circuit_03.jpg,cpu,19,110.252100,126.107000
05_open_circuit_03.jpg,cpu,20,93.070200,108.926600
05_open_circuit_03.jpg,cpu,21,88.306700,104.128700
05_open_circuit_03.jpg,cpu,22,95.751000,111.616400
05_open_circuit_03.jpg,cpu,23,99.369500,115.248400
05_open_circuit_03.jpg,cpu,24,100.161300,116.040600
05_open_circuit_03.jpg,cpu,25,92.816500,108.678500
05_open_circuit_03.jpg,cpu,26,94.389500,110.256500
05_open_circuit_03.jpg,cpu,27,102.826900,118.683500
05_open_circuit_03.jpg,cpu,28,101.815300,117.671100
05_open_circuit_03.jpg,cpu,29,98.974700,114.830000
05_open_circuit_03.jpg,cuda,0,9.219500,25.069200
05_open_circuit_03.jpg,cuda,1,8.447900,24.297000
05_open_circuit_03.jpg,cuda,2,8.086200,23.937300
05_open_circuit_03.jpg,cuda,3,7.913800,23.731500
05_open_circuit_03.jpg,cuda,4,7.709100,23.522700
05_open_circuit_03.jpg,cuda,5,7.685400,23.498800
05_open_circuit_03.jpg,cuda,6,7.889400,23.702500
05_open_circuit_03.jpg,cuda,7,7.813800,23.626700
05_open_circuit_03.jpg,cuda,8,7.932100,23.746900
05_open_circuit_03.jpg,cuda,9,8.457000,24.279400
05_open_circuit_03.jpg,cuda,10,8.127600,23.988200
05_open_circuit_03.jpg,cuda,11,8.597000,24.414300
05_open_circuit_03.jpg,cuda,12,8.488300,24.306000
05_open_circuit_03.jpg,cuda,13,8.414700,24.230600
05_open_circuit_03.jpg,cuda,14,8.308600,24.125700
05_open_circuit_03.jpg,cuda,15,8.173400,23.988300
05_open_circuit_03.jpg,cuda,16,8.298200,24.158100
05_open_circuit_03.jpg,cuda,17,8.236200,24.056500
05_open_circuit_03.jpg,cuda,18,8.097200,23.913200
05_open_circuit_03.jpg,cuda,19,8.187200,24.003000
05_open_circuit_03.jpg,cuda,20,8.104100,23.918900
05_open_circuit_03.jpg,cuda,21,8.160200,24.030600
05_open_circuit_03.jpg,cuda,22,8.443100,24.259100
05_open_circuit_03.jpg,cuda,23,8.040700,23.856200
05_open_circuit_03.jpg,cuda,24,7.929800,23.744100
05_open_circuit_03.jpg,cuda,25,8.031400,23.853800
05_open_circuit_03.jpg,cuda,26,8.053100,23.868800
05_open_circuit_03.jpg,cuda,27,8.074100,23.889600
05_open_circuit_03.jpg,cuda,28,8.005800,23.820000
05_open_circuit_03.jpg,cuda,29,7.990400,23.805100
05_open_circuit_04.jpg,cpu,0,83.954400,99.403200
05_open_circuit_04.jpg,cpu,1,82.307500,97.743700
05_open_circuit_04.jpg,cpu,2,87.878500,103.324200
05_open_circuit_04.jpg,cpu,3,94.026300,109.467900
05_open_circuit_04.jpg,cpu,4,91.143600,106.553900
05_open_circuit_04.jpg,cpu,5,91.189600,106.594100
05_open_circuit_04.jpg,cpu,6,92.549700,107.994400
05_open_circuit_04.jpg,cpu,7,91.412600,106.855400
05_open_circuit_04.jpg,cpu,8,105.988100,121.451600
05_open_circuit_04.jpg,cpu,9,109.659700,125.114000
05_open_circuit_04.jpg,cpu,10,104.364500,119.777600
05_open_circuit_04.jpg,cpu,11,96.336800,111.768200
05_open_circuit_04.jpg,cpu,12,100.986500,116.440900
05_open_circuit_04.jpg,cpu,13,107.743200,123.187300
05_open_circuit_04.jpg,cpu,14,97.723000,113.162800
05_open_circuit_04.jpg,cpu,15,90.132800,105.578800
05_open_circuit_04.jpg,cpu,16,98.935000,114.342900
05_open_circuit_04.jpg,cpu,17,101.026300,116.471500
05_open_circuit_04.jpg,cpu,18,94.895200,110.337500
05_open_circuit_04.jpg,cpu,19,91.387200,106.833700
05_open_circuit_04.jpg,cpu,20,82.323400,97.761800
05_open_circuit_04.jpg,cpu,21,85.278900,100.721300
05_open_circuit_04.jpg,cpu,22,81.643000,97.084500
05_open_circuit_04.jpg,cpu,23,82.012900,97.454100
05_open_circuit_04.jpg,cpu,24,82.092100,97.530900
05_open_circuit_04.jpg,cpu,25,81.909300,97.345600
05_open_circuit_04.jpg,cpu,26,82.090900,97.531200
05_open_circuit_04.jpg,cpu,27,83.629300,99.066600
05_open_circuit_04.jpg,cpu,28,83.098600,98.536300
05_open_circuit_04.jpg,cpu,29,81.856700,97.293600
05_open_circuit_04.jpg,cuda,0,11.225000,26.640500
05_open_circuit_04.jpg,cuda,1,12.037600,27.481700
05_open_circuit_04.jpg,cuda,2,9.533000,24.936300
05_open_circuit_04.jpg,cuda,3,10.482300,25.897100
05_open_circuit_04.jpg,cuda,4,11.333600,26.735200
05_open_circuit_04.jpg,cuda,5,10.104500,25.504500
05_open_circuit_04.jpg,cuda,6,8.883300,24.336000
05_open_circuit_04.jpg,cuda,7,8.423400,23.871800
05_open_circuit_04.jpg,cuda,8,7.609400,23.008200
05_open_circuit_04.jpg,cuda,9,7.724300,23.121300
05_open_circuit_04.jpg,cuda,10,7.624900,23.021200
05_open_circuit_04.jpg,cuda,11,7.399200,22.795200
05_open_circuit_04.jpg,cuda,12,7.586500,22.982200
05_open_circuit_04.jpg,cuda,13,7.358200,22.756900
05_open_circuit_04.jpg,cuda,14,7.409400,22.805000
05_open_circuit_04.jpg,cuda,15,7.475400,22.873700
05_open_circuit_04.jpg,cuda,16,7.378000,22.773400
05_open_circuit_04.jpg,cuda,17,7.401800,22.796800
05_open_circuit_04.jpg,cuda,18,7.390000,22.786200
05_open_circuit_04.jpg,cuda,19,7.435700,22.833600
05_open_circuit_04.jpg,cuda,20,7.389500,22.785100
05_open_circuit_04.jpg,cuda,21,7.387600,22.783100
05_open_circuit_04.jpg,cuda,22,7.509100,22.904500
05_open_circuit_04.jpg,cuda,23,7.434700,22.829900
05_open_circuit_04.jpg,cuda,24,7.437400,22.832900
05_open_circuit_04.jpg,cuda,25,7.410400,22.840200
05_open_circuit_04.jpg,cuda,26,7.455600,22.851600
05_open_circuit_04.jpg,cuda,27,7.365000,22.760900
05_open_circuit_04.jpg,cuda,28,7.337100,22.732900
05_open_circuit_04.jpg,cuda,29,7.372700,22.768100
05_open_circuit_06.jpg,cpu,0,93.100800,109.074300
05_open_circuit_06.jpg,cpu,1,83.617800,99.587200
05_open_circuit_06.jpg,cpu,2,81.833700,97.807300
05_open_circuit_06.jpg,cpu,3,84.152500,100.120600
05_open_circuit_06.jpg,cpu,4,80.911400,96.887200
05_open_circuit_06.jpg,cpu,5,88.473500,104.453900
05_open_circuit_06.jpg,cpu,6,91.857800,107.841600
05_open_circuit_06.jpg,cpu,7,93.036100,109.013800
05_open_circuit_06.jpg,cpu,8,91.051400,107.000200
05_open_circuit_06.jpg,cpu,9,89.108100,105.044100
05_open_circuit_06.jpg,cpu,10,94.738100,110.717200
05_open_circuit_06.jpg,cpu,11,103.583900,119.555900
05_open_circuit_06.jpg,cpu,12,110.959500,126.937000
05_open_circuit_06.jpg,cpu,13,102.652500,118.622400
05_open_circuit_06.jpg,cpu,14,92.289900,108.259500
05_open_circuit_06.jpg,cpu,15,98.803200,114.739400
05_open_circuit_06.jpg,cpu,16,100.302900,116.275600
05_open_circuit_06.jpg,cpu,17,98.761800,114.733700
05_open_circuit_06.jpg,cpu,18,91.321600,107.290400
05_open_circuit_06.jpg,cpu,19,97.961400,113.938500
05_open_circuit_06.jpg,cpu,20,89.160300,105.141900
05_open_circuit_06.jpg,cpu,21,91.210000,107.193600
05_open_circuit_06.jpg,cpu,22,91.397500,107.376500
05_open_circuit_06.jpg,cpu,23,97.670500,113.641300
05_open_circuit_06.jpg,cpu,24,98.800500,114.744900
05_open_circuit_06.jpg,cpu,25,97.414100,113.390500
05_open_circuit_06.jpg,cpu,26,91.476700,107.414600
05_open_circuit_06.jpg,cpu,27,101.810900,117.785200
05_open_circuit_06.jpg,cpu,28,103.403100,119.372500
05_open_circuit_06.jpg,cpu,29,102.479600,118.452900
05_open_circuit_06.jpg,cuda,0,8.967100,24.932600
05_open_circuit_06.jpg,cuda,1,8.621800,24.593800
05_open_circuit_06.jpg,cuda,2,8.328100,24.298800
05_open_circuit_06.jpg,cuda,3,8.202900,24.174100
05_open_circuit_06.jpg,cuda,4,7.936800,23.868700
05_open_circuit_06.jpg,cuda,5,8.012900,23.946100
05_open_circuit_06.jpg,cuda,6,7.917700,23.849100
05_open_circuit_06.jpg,cuda,7,7.994500,23.926000
05_open_circuit_06.jpg,cuda,8,7.819700,23.751000
05_open_circuit_06.jpg,cuda,9,7.809000,23.740000
05_open_circuit_06.jpg,cuda,10,7.756100,23.687300
05_open_circuit_06.jpg,cuda,11,7.794700,23.725800
05_open_circuit_06.jpg,cuda,12,7.732300,23.663600
05_open_circuit_06.jpg,cuda,13,7.767600,23.701800
05_open_circuit_06.jpg,cuda,14,7.779400,23.714500
05_open_circuit_06.jpg,cuda,15,7.865900,23.813600
05_open_circuit_06.jpg,cuda,16,8.376900,24.308700
05_open_circuit_06.jpg,cuda,17,8.102400,24.077900
05_open_circuit_06.jpg,cuda,18,8.469300,24.440500
05_open_circuit_06.jpg,cuda,19,8.928400,24.869300
05_open_circuit_06.jpg,cuda,20,8.170100,24.102600
05_open_circuit_06.jpg,cuda,21,8.092900,24.025100
05_open_circuit_06.jpg,cuda,22,8.414800,24.355600
05_open_circuit_06.jpg,cuda,23,8.166500,24.139700
05_open_circuit_06.jpg,cuda,24,8.272600,24.246400
05_open_circuit_06.jpg,cuda,25,8.196000,24.170900
05_open_circuit_06.jpg,cuda,26,8.264000,24.242000
05_open_circuit_06.jpg,cuda,27,8.060100,23.992700
05_open_circuit_06.jpg,cuda,28,7.937200,23.869000
05_open_circuit_06.jpg,cuda,29,7.893900,23.825200
05_short_03.jpg,cpu,0,87.250200,102.217800
05_short_03.jpg,cpu,1,82.399800,97.359900
05_short_03.jpg,cpu,2,84.215900,99.184000
05_short_03.jpg,cpu,3,91.214300,106.174600
05_short_03.jpg,cpu,4,93.856600,108.790200
05_short_03.jpg,cpu,5,91.120700,106.081500
05_short_03.jpg,cpu,6,92.756000,107.719100
05_short_03.jpg,cpu,7,92.151000,107.112500
05_short_03.jpg,cpu,8,99.810200,114.771800
05_short_03.jpg,cpu,9,107.580900,122.509600
05_short_03.jpg,cpu,10,108.074300,123.004400
05_short_03.jpg,cpu,11,93.913100,108.841300
05_short_03.jpg,cpu,12,101.193000,116.194600
05_short_03.jpg,cpu,13,104.099100,119.065500
05_short_03.jpg,cpu,14,106.190900,121.153000
05_short_03.jpg,cpu,15,95.145200,110.078300
05_short_03.jpg,cpu,16,96.020600,110.990900
05_short_03.jpg,cpu,17,98.154500,113.115300
05_short_03.jpg,cpu,18,92.622000,107.587000
05_short_03.jpg,cpu,19,94.980700,109.979700
05_short_03.jpg,cpu,20,91.738400,106.711600
05_short_03.jpg,cpu,21,83.620600,98.581100
05_short_03.jpg,cpu,22,82.204000,97.166200
05_short_03.jpg,cpu,23,82.737100,97.702900
05_short_03.jpg,cpu,24,83.815800,98.783200
05_short_03.jpg,cpu,25,82.013100,96.979300
05_short_03.jpg,cpu,26,84.240000,99.199900
05_short_03.jpg,cpu,27,83.101400,98.062100
05_short_03.jpg,cpu,28,84.707800,99.675000
05_short_03.jpg,cpu,29,83.608700,98.573100
05_short_03.jpg,cuda,0,8.218500,23.141800
05_short_03.jpg,cuda,1,7.906000,22.878500
05_short_03.jpg,cuda,2,7.924100,22.865100
05_short_03.jpg,cuda,3,7.919500,22.879200
05_short_03.jpg,cuda,4,7.896100,22.815900
05_short_03.jpg,cuda,5,7.950100,22.870900
05_short_03.jpg,cuda,6,7.601300,22.527300
05_short_03.jpg,cuda,7,7.509900,22.430200
05_short_03.jpg,cuda,8,7.486300,22.405300
05_short_03.jpg,cuda,9,8.734200,23.654300
05_short_03.jpg,cuda,10,7.459300,22.377900
05_short_03.jpg,cuda,11,7.453700,22.372900
05_short_03.jpg,cuda,12,7.410300,22.329300
05_short_03.jpg,cuda,13,7.370100,22.289500
05_short_03.jpg,cuda,14,7.352000,22.270900
05_short_03.jpg,cuda,15,7.292600,22.211400
05_short_03.jpg,cuda,16,7.314800,22.233900
05_short_03.jpg,cuda,17,7.367700,22.290700
05_short_03.jpg,cuda,18,7.332000,22.250500
05_short_03.jpg,cuda,19,7.531300,22.452700
05_short_03.jpg,cuda,20,7.464000,22.385600
05_short_03.jpg,cuda,21,7.832600,22.753400
05_short_03.jpg,cuda,22,7.547200,22.467200
05_short_03.jpg,cuda,23,7.520400,22.439900
05_short_03.jpg,cuda,24,7.505700,22.425200
05_short_03.jpg,cuda,25,7.685900,22.611300
05_short_03.jpg,cuda,26,7.497900,22.423200
05_short_03.jpg,cuda,27,7.544200,22.465200
05_short_03.jpg,cuda,28,7.630800,22.551500
05_short_03.jpg,cuda,29,7.801200,22.720900
05_short_04.jpg,cpu,0,120.868900,136.607900
05_short_04.jpg,cpu,1,83.975400,99.752400
05_short_04.jpg,cpu,2,81.347300,97.132700
05_short_04.jpg,cpu,3,81.771000,97.544700
05_short_04.jpg,cpu,4,82.364000,98.140700
05_short_04.jpg,cpu,5,94.530100,110.320300
05_short_04.jpg,cpu,6,91.889800,107.675100
05_short_04.jpg,cpu,7,94.629300,110.402500
05_short_04.jpg,cpu,8,92.981200,108.784800
05_short_04.jpg,cpu,9,92.733100,108.517600
05_short_04.jpg,cpu,10,96.321600,112.102600
05_short_04.jpg,cpu,11,101.162100,116.947100
05_short_04.jpg,cpu,12,110.533900,126.319600
05_short_04.jpg,cpu,13,102.889800,118.668300
05_short_04.jpg,cpu,14,98.731800,114.505500
05_short_04.jpg,cpu,15,103.346300,119.131900
05_short_04.jpg,cpu,16,101.180900,116.956400
05_short_04.jpg,cpu,17,95.022900,110.801900
05_short_04.jpg,cpu,18,96.834100,112.617600
05_short_04.jpg,cpu,19,102.570800,118.358700
05_short_04.jpg,cpu,20,91.993200,107.766400
05_short_04.jpg,cpu,21,96.426300,112.199500
05_short_04.jpg,cpu,22,91.248000,107.020500
05_short_04.jpg,cpu,23,96.329300,112.110100
05_short_04.jpg,cpu,24,98.872200,114.645400
05_short_04.jpg,cpu,25,93.342300,109.122000
05_short_04.jpg,cpu,26,94.785300,110.568100
05_short_04.jpg,cpu,27,100.761200,116.543000
05_short_04.jpg,cpu,28,102.389100,118.163100
05_short_04.jpg,cpu,29,99.305500,115.058200
05_short_04.jpg,cuda,0,8.807300,24.541400
05_short_04.jpg,cuda,1,8.070700,23.837000
05_short_04.jpg,cuda,2,7.820500,23.552300
05_short_04.jpg,cuda,3,7.755300,23.487400
05_short_04.jpg,cuda,4,7.682600,23.417500
05_short_04.jpg,cuda,5,7.738000,23.469100
05_short_04.jpg,cuda,6,7.757700,23.488800
05_short_04.jpg,cuda,7,7.799900,23.538900
05_short_04.jpg,cuda,8,8.439200,24.173800
05_short_04.jpg,cuda,9,7.983400,23.763400
05_short_04.jpg,cuda,10,8.471800,24.242700
05_short_04.jpg,cuda,11,11.252900,26.987400
05_short_04.jpg,cuda,12,9.859600,25.596000
05_short_04.jpg,cuda,13,8.418000,24.152200
05_short_04.jpg,cuda,14,8.386300,24.121800
05_short_04.jpg,cuda,15,8.588200,24.323600
05_short_04.jpg,cuda,16,8.543200,24.325600
05_short_04.jpg,cuda,17,8.792600,24.528600
05_short_04.jpg,cuda,18,8.476800,24.213000
05_short_04.jpg,cuda,19,7.751100,23.523600
05_short_04.jpg,cuda,20,7.985900,23.719200
05_short_04.jpg,cuda,21,7.999500,23.732100
05_short_04.jpg,cuda,22,7.705600,23.437800
05_short_04.jpg,cuda,23,7.603000,23.335000
05_short_04.jpg,cuda,24,7.766500,23.499700
05_short_04.jpg,cuda,25,7.788600,23.525400
05_short_04.jpg,cuda,26,7.697800,23.431000
05_short_04.jpg,cuda,27,7.548500,23.280700
05_short_04.jpg,cuda,28,7.591200,23.323500
05_short_04.jpg,cuda,29,7.555400,23.294800
05_short_06.jpg,cpu,0,85.195600,100.869900
05_short_06.jpg,cpu,1,82.246500,97.914700
05_short_06.jpg,cpu,2,92.226900,107.901800
05_short_06.jpg,cpu,3,91.243400,106.913000
05_short_06.jpg,cpu,4,95.337200,110.972600
05_short_06.jpg,cpu,5,93.990200,109.667500
05_short_06.jpg,cpu,6,93.206200,108.875700
05_short_06.jpg,cpu,7,96.239500,111.912000
05_short_06.jpg,cpu,8,102.426500,118.101500
05_short_06.jpg,cpu,9,110.523800,126.210400
05_short_06.jpg,cpu,10,101.727000,117.408600
05_short_06.jpg,cpu,11,97.995600,113.635800
05_short_06.jpg,cpu,12,105.994300,121.674100
05_short_06.jpg,cpu,13,102.392200,118.063300
05_short_06.jpg,cpu,14,93.553400,109.228000
05_short_06.jpg,cpu,15,94.158700,109.842100
05_short_06.jpg,cpu,16,98.356600,114.037200
05_short_06.jpg,cpu,17,92.714900,108.384500
05_short_06.jpg,cpu,18,93.963100,109.632600
05_short_06.jpg,cpu,19,87.860100,103.555000
05_short_06.jpg,cpu,20,95.155600,110.834000
05_short_06.jpg,cpu,21,95.187100,110.865100
05_short_06.jpg,cpu,22,94.811200,110.487300
05_short_06.jpg,cpu,23,100.882000,116.584800
05_short_06.jpg,cpu,24,107.931000,123.604600
05_short_06.jpg,cpu,25,112.189600,127.871000
05_short_06.jpg,cpu,26,104.740600,120.439500
05_short_06.jpg,cpu,27,98.002200,113.671900
05_short_06.jpg,cpu,28,101.370500,117.055000
05_short_06.jpg,cpu,29,100.034100,115.709900
05_short_06.jpg,cuda,0,8.358400,24.044400
05_short_06.jpg,cuda,1,8.462800,24.136300
05_short_06.jpg,cuda,2,8.105900,23.788600
05_short_06.jpg,cuda,3,8.143500,23.795700
05_short_06.jpg,cuda,4,10.642600,26.273900
05_short_06.jpg,cuda,5,10.162600,25.792900
05_short_06.jpg,cuda,6,9.346900,24.975400
05_short_06.jpg,cuda,7,9.123200,24.751500
05_short_06.jpg,cuda,8,8.971300,24.599200
05_short_06.jpg,cuda,9,9.059100,24.686600
05_short_06.jpg,cuda,10,8.928900,24.556800
05_short_06.jpg,cuda,11,8.829900,24.457100
05_short_06.jpg,cuda,12,8.912000,24.539600
05_short_06.jpg,cuda,13,8.773200,24.400600
05_short_06.jpg,cuda,14,8.830800,24.458200
05_short_06.jpg,cuda,15,8.838900,24.466800
05_short_06.jpg,cuda,16,9.535500,25.165300
05_short_06.jpg,cuda,17,9.357100,24.986100
05_short_06.jpg,cuda,18,9.179900,24.808300
05_short_06.jpg,cuda,19,9.152200,24.781300
05_short_06.jpg,cuda,20,9.243300,24.871600
05_short_06.jpg,cuda,21,9.075700,24.704000
05_short_06.jpg,cuda,22,9.066900,24.694700
05_short_06.jpg,cuda,23,8.964300,24.592300
05_short_06.jpg,cuda,24,8.957900,24.585600
05_short_06.jpg,cuda,25,8.901200,24.529100
05_short_06.jpg,cuda,26,9.018900,24.646500
05_short_06.jpg,cuda,27,8.986100,24.613700
05_short_06.jpg,cuda,28,10.269400,25.898700
05_short_06.jpg,cuda,29,9.276500,24.905300
07_missing_hole_03.jpg,cpu,0,102.304200,117.294400
07_missing_hole_03.jpg,cpu,1,82.673000,97.615800
07_missing_hole_03.jpg,cpu,2,83.313900,98.302000
07_missing_hole_03.jpg,cpu,3,82.645200,97.626300
07_missing_hole_03.jpg,cpu,4,85.166100,100.158500
07_missing_hole_03.jpg,cpu,5,90.508500,105.490800
07_missing_hole_03.jpg,cpu,6,95.748100,110.743700
07_missing_hole_03.jpg,cpu,7,94.761500,109.713600
07_missing_hole_03.jpg,cpu,8,93.535300,108.523900
07_missing_hole_03.jpg,cpu,9,91.220800,106.213500
07_missing_hole_03.jpg,cpu,10,96.985500,111.980800
07_missing_hole_03.jpg,cpu,11,105.574500,120.559600
07_missing_hole_03.jpg,cpu,12,112.713800,127.658800
07_missing_hole_03.jpg,cpu,13,102.408400,117.397400
07_missing_hole_03.jpg,cpu,14,99.528300,114.510900
07_missing_hole_03.jpg,cpu,15,99.825400,114.827400
07_missing_hole_03.jpg,cpu,16,102.007300,116.950900
07_missing_hole_03.jpg,cpu,17,98.959400,113.948500
07_missing_hole_03.jpg,cpu,18,93.631100,108.630700
07_missing_hole_03.jpg,cpu,19,99.910000,114.893200
07_missing_hole_03.jpg,cpu,20,96.789000,111.770500
07_missing_hole_03.jpg,cpu,21,91.261100,106.241300
07_missing_hole_03.jpg,cpu,22,94.163900,109.149900
07_missing_hole_03.jpg,cpu,23,95.840800,110.792800
07_missing_hole_03.jpg,cpu,24,96.902100,111.888700
07_missing_hole_03.jpg,cpu,25,95.253700,110.198100
07_missing_hole_03.jpg,cpu,26,95.115700,110.063800
07_missing_hole_03.jpg,cpu,27,100.159100,115.156100
07_missing_hole_03.jpg,cpu,28,104.532100,119.518300
07_missing_hole_03.jpg,cpu,29,95.916000,110.898900
07_missing_hole_03.jpg,cuda,0,9.276700,24.220700
07_missing_hole_03.jpg,cuda,1,10.795300,25.768800
07_missing_hole_03.jpg,cuda,2,10.256400,25.229600
07_missing_hole_03.jpg,cuda,3,9.544200,24.480100
07_missing_hole_03.jpg,cuda,4,9.841500,24.777700
07_missing_hole_03.jpg,cuda,5,10.910000,25.904000
07_missing_hole_03.jpg,cuda,6,8.805900,23.747100
07_missing_hole_03.jpg,cuda,7,10.688100,25.631600
07_missing_hole_03.jpg,cuda,8,10.595400,25.538400
07_missing_hole_03.jpg,cuda,9,8.562700,23.502500
07_missing_hole_03.jpg,cuda,10,8.355300,23.326700
07_missing_hole_03.jpg,cuda,11,8.523900,23.464500
07_missing_hole_03.jpg,cuda,12,8.430700,23.422100
07_missing_hole_03.jpg,cuda,13,8.553200,23.540400
07_missing_hole_03.jpg,cuda,14,8.504400,23.465300
07_missing_hole_03.jpg,cuda,15,8.595200,23.534800
07_missing_hole_03.jpg,cuda,16,8.498300,23.485300
07_missing_hole_03.jpg,cuda,17,8.498500,23.437800
07_missing_hole_03.jpg,cuda,18,8.592300,23.532800
07_missing_hole_03.jpg,cuda,19,8.383300,23.377300
07_missing_hole_03.jpg,cuda,20,8.155500,23.091000
07_missing_hole_03.jpg,cuda,21,8.160500,23.095300
07_missing_hole_03.jpg,cuda,22,8.114800,23.049700
07_missing_hole_03.jpg,cuda,23,8.251500,23.188300
07_missing_hole_03.jpg,cuda,24,8.216000,23.198800
07_missing_hole_03.jpg,cuda,25,8.375800,23.314300
07_missing_hole_03.jpg,cuda,26,8.302300,23.240200
07_missing_hole_03.jpg,cuda,27,8.173700,23.110700
07_missing_hole_03.jpg,cuda,28,8.148800,23.084500
07_missing_hole_03.jpg,cuda,29,8.324600,23.262800
09_open_circuit_05.jpg,cpu,0,91.723000,107.029100
09_open_circuit_05.jpg,cpu,1,84.205900,99.494800
09_open_circuit_05.jpg,cpu,2,88.334000,103.616000
09_open_circuit_05.jpg,cpu,3,94.645100,109.932100
09_open_circuit_05.jpg,cpu,4,93.331600,108.616200
09_open_circuit_05.jpg,cpu,5,94.388600,109.646500
09_open_circuit_05.jpg,cpu,6,91.843800,107.092800
09_open_circuit_05.jpg,cpu,7,91.619900,106.933900
09_open_circuit_05.jpg,cpu,8,106.084800,121.375200
09_open_circuit_05.jpg,cpu,9,114.623800,129.903800
09_open_circuit_05.jpg,cpu,10,103.679800,118.965200
09_open_circuit_05.jpg,cpu,11,96.831400,112.112100
09_open_circuit_05.jpg,cpu,12,103.072200,118.360600
09_open_circuit_05.jpg,cpu,13,108.016700,123.469100
09_open_circuit_05.jpg,cpu,14,98.410000,113.715400
09_open_circuit_05.jpg,cpu,15,91.230300,106.480600
09_open_circuit_05.jpg,cpu,16,107.147900,122.432500
09_open_circuit_05.jpg,cpu,17,101.980300,117.227800
09_open_circuit_05.jpg,cpu,18,91.758700,107.021300
09_open_circuit_05.jpg,cpu,19,94.272700,109.539300
09_open_circuit_05.jpg,cpu,20,102.343200,117.628600
09_open_circuit_05.jpg,cpu,21,103.351400,118.660100
09_open_circuit_05.jpg,cpu,22,92.560800,107.851800
09_open_circuit_05.jpg,cpu,23,95.350000,110.632000
09_open_circuit_05.jpg,cpu,24,99.642300,114.930000
09_open_circuit_05.jpg,cpu,25,105.235600,120.515000
09_open_circuit_05.jpg,cpu,26,102.741900,118.025200
09_open_circuit_05.jpg,cpu,27,89.758000,105.039300
09_open_circuit_05.jpg,cpu,28,97.380600,112.661000
09_open_circuit_05.jpg,cpu,29,98.168200,113.450200
09_open_circuit_05.jpg,cuda,0,8.616100,23.883500
09_open_circuit_05.jpg,cuda,1,8.588500,23.828700
09_open_circuit_05.jpg,cuda,2,8.263900,23.503300
09_open_circuit_05.jpg,cuda,3,8.206700,23.445200
09_open_circuit_05.jpg,cuda,4,7.914700,23.197600
09_open_circuit_05.jpg,cuda,5,7.944600,23.183600
09_open_circuit_05.jpg,cuda,6,7.552600,22.790700
09_open_circuit_05.jpg,cuda,7,7.596500,22.833600
09_open_circuit_05.jpg,cuda,8,7.470700,22.708500
09_open_circuit_05.jpg,cuda,9,7.534000,22.773000
09_open_circuit_05.jpg,cuda,10,7.463100,22.700400
09_open_circuit_05.jpg,cuda,11,7.384100,22.621000
09_open_circuit_05.jpg,cuda,12,7.405300,22.641500
09_open_circuit_05.jpg,cuda,13,7.464900,22.701100
09_open_circuit_05.jpg,cuda,14,7.493800,22.731900
09_open_circuit_05.jpg,cuda,15,7.564200,22.801300
09_open_circuit_05.jpg,cuda,16,7.510900,22.748300
09_open_circuit_05.jpg,cuda,17,7.444600,22.681200
09_open_circuit_05.jpg,cuda,18,7.475400,22.711900
09_open_circuit_05.jpg,cuda,19,7.422800,22.659700
09_open_circuit_05.jpg,cuda,20,7.428000,22.664400
09_open_circuit_05.jpg,cuda,21,7.511700,22.748300
09_open_circuit_05.jpg,cuda,22,7.420300,22.656900
09_open_circuit_05.jpg,cuda,23,7.316300,22.553900
09_open_circuit_05.jpg,cuda,24,7.328200,22.565300
09_open_circuit_05.jpg,cuda,25,7.399000,22.635600
09_open_circuit_05.jpg,cuda,26,7.286800,22.523200
09_open_circuit_05.jpg,cuda,27,7.337700,22.577000
09_open_circuit_05.jpg,cuda,28,7.351700,22.588100
09_open_circuit_05.jpg,cuda,29,7.501100,22.738500
09_short_05.jpg,cpu,0,99.010600,116.820400
09_short_05.jpg,cpu,1,88.424000,106.244800
09_short_05.jpg,cpu,2,83.783200,101.594200
09_short_05.jpg,cpu,3,82.151000,99.959200
09_short_05.jpg,cpu,4,97.212200,115.046300
09_short_05.jpg,cpu,5,104.630400,122.445000
09_short_05.jpg,cpu,6,130.877900,148.661000
09_short_05.jpg,cpu,7,110.419000,128.234900
09_short_05.jpg,cpu,8,99.371100,117.183100
09_short_05.jpg,cpu,9,109.217000,127.037900
09_short_05.jpg,cpu,10,109.810500,127.627900
09_short_05.jpg,cpu,11,116.837000,134.651800
09_short_05.jpg,cpu,12,107.905000,125.685400
09_short_05.jpg,cpu,13,109.885700,127.697000
09_short_05.jpg,cpu,14,109.506100,127.326400
09_short_05.jpg,cpu,15,113.564300,131.379000
09_short_05.jpg,cpu,16,123.189100,141.012400
09_short_05.jpg,cpu,17,111.064300,128.876000
09_short_05.jpg,cpu,18,100.682200,118.490600
09_short_05.jpg,cpu,19,104.884200,122.662900
09_short_05.jpg,cpu,20,93.776400,111.587300
09_short_05.jpg,cpu,21,101.716900,119.549700
09_short_05.jpg,cpu,22,106.862500,124.705300
09_short_05.jpg,cpu,23,97.613100,115.425300
09_short_05.jpg,cpu,24,99.408300,117.218600
09_short_05.jpg,cpu,25,99.378900,117.198400
09_short_05.jpg,cpu,26,100.826700,118.638800
09_short_05.jpg,cpu,27,99.217200,117.031200
09_short_05.jpg,cpu,28,93.457700,111.271200
09_short_05.jpg,cpu,29,96.827900,114.638700
09_short_05.jpg,cuda,0,11.936300,29.757400
09_short_05.jpg,cuda,1,8.474100,26.275600
09_short_05.jpg,cuda,2,8.212700,25.977700
09_short_05.jpg,cuda,3,8.257300,26.024400
09_short_05.jpg,cuda,4,8.451900,26.218400
09_short_05.jpg,cuda,5,7.963500,25.732100
09_short_05.jpg,cuda,6,8.082300,25.846800
09_short_05.jpg,cuda,7,8.080000,25.851200
09_short_05.jpg,cuda,8,7.964500,25.728400
09_short_05.jpg,cuda,9,7.920500,25.683400
09_short_05.jpg,cuda,10,7.778000,25.549400
09_short_05.jpg,cuda,11,7.865500,25.632400
09_short_05.jpg,cuda,12,7.795700,25.556900
09_short_05.jpg,cuda,13,7.714400,25.475400
09_short_05.jpg,cuda,14,7.714300,25.475500
09_short_05.jpg,cuda,15,7.729200,25.491200
09_short_05.jpg,cuda,16,7.603400,25.364900
09_short_05.jpg,cuda,17,7.731000,25.497600
09_short_05.jpg,cuda,18,7.526800,25.288400
09_short_05.jpg,cuda,19,7.256600,25.022900
09_short_05.jpg,cuda,20,7.257800,25.019100
09_short_05.jpg,cuda,21,7.339800,25.101900
09_short_05.jpg,cuda,22,7.187600,24.948800
09_short_05.jpg,cuda,23,7.206700,24.968100
09_short_05.jpg,cuda,24,7.473700,25.240600
09_short_05.jpg,cuda,25,7.594400,25.408600
09_short_05.jpg,cuda,26,7.955200,25.723800
09_short_05.jpg,cuda,27,7.704900,25.487000
09_short_05.jpg,cuda,28,7.641700,25.405600
09_short_05.jpg,cuda,29,7.599800,25.363400
10_open_circuit_06.jpg,cpu,0,81.635800,96.567900
10_open_circuit_06.jpg,cpu,1,85.275200,100.241300
10_open_circuit_06.jpg,cpu,2,85.388700,100.375700
10_open_circuit_06.jpg,cpu,3,91.884700,106.854500
10_open_circuit_06.jpg,cpu,4,95.200500,110.170500
10_open_circuit_06.jpg,cpu,5,94.482500,109.467700
10_open_circuit_06.jpg,cpu,6,92.679800,107.656000
10_open_circuit_06.jpg,cpu,7,92.113200,107.082700
10_open_circuit_06.jpg,cpu,8,103.978300,118.954000
10_open_circuit_06.jpg,cpu,9,113.150100,128.120600
10_open_circuit_06.jpg,cpu,10,110.120800,125.121700
10_open_circuit_06.jpg,cpu,11,98.869300,113.862800
10_open_circuit_06.jpg,cpu,12,101.986600,116.954600
10_open_circuit_06.jpg,cpu,13,105.701000,120.664000
10_open_circuit_06.jpg,cpu,14,100.696300,115.677400
10_open_circuit_06.jpg,cpu,15,89.638400,104.571000
10_open_circuit_06.jpg,cpu,16,105.103200,120.070000
10_open_circuit_06.jpg,cpu,17,98.295600,113.269100
10_open_circuit_06.jpg,cpu,18,89.912000,104.879900
10_open_circuit_06.jpg,cpu,19,92.987400,107.975600
10_open_circuit_06.jpg,cpu,20,88.893400,103.833400
10_open_circuit_06.jpg,cpu,21,99.094800,114.064600
10_open_circuit_06.jpg,cpu,22,97.360700,112.336700
10_open_circuit_06.jpg,cpu,23,97.743900,112.718500
10_open_circuit_06.jpg,cpu,24,101.677900,116.656900
10_open_circuit_06.jpg,cpu,25,105.885000,120.893200
10_open_circuit_06.jpg,cpu,26,101.076700,116.012900
10_open_circuit_06.jpg,cpu,27,91.932700,106.927800
10_open_circuit_06.jpg,cpu,28,101.020300,115.999000
10_open_circuit_06.jpg,cpu,29,100.177300,115.149400
10_open_circuit_06.jpg,cuda,0,8.782800,23.753500
10_open_circuit_06.jpg,cuda,1,8.511400,23.436100
10_open_circuit_06.jpg,cuda,2,7.980900,22.904500
10_open_circuit_06.jpg,cuda,3,8.144700,23.084200
10_open_circuit_06.jpg,cuda,4,8.203100,23.126700
10_open_circuit_06.jpg,cuda,5,7.903200,22.873100
10_open_circuit_06.jpg,cuda,6,8.242200,23.171000
10_open_circuit_06.jpg,cuda,7,7.528200,22.454000
10_open_circuit_06.jpg,cuda,8,7.572300,22.497800
10_open_circuit_06.jpg,cuda,9,7.472300,22.394300
10_open_circuit_06.jpg,cuda,10,7.469000,22.391100
10_open_circuit_06.jpg,cuda,11,7.484400,22.411100
10_open_circuit_06.jpg,cuda,12,7.559400,22.481400
10_open_circuit_06.jpg,cuda,13,7.431600,22.357200
10_open_circuit_06.jpg,cuda,14,7.458800,22.380400
10_open_circuit_06.jpg,cuda,15,7.438900,22.363500
10_open_circuit_06.jpg,cuda,16,7.399900,22.322400
10_open_circuit_06.jpg,cuda,17,7.410400,22.335900
10_open_circuit_06.jpg,cuda,18,7.377600,22.301400
10_open_circuit_06.jpg,cuda,19,7.596200,22.518500
10_open_circuit_06.jpg,cuda,20,7.414800,22.336600
10_open_circuit_06.jpg,cuda,21,7.501100,22.423300
10_open_circuit_06.jpg,cuda,22,7.374100,22.295700
10_open_circuit_06.jpg,cuda,23,7.408800,22.331100
10_open_circuit_06.jpg,cuda,24,7.433100,22.355300
10_open_circuit_06.jpg,cuda,25,7.408000,22.329700
10_open_circuit_06.jpg,cuda,26,7.445200,22.367000
10_open_circuit_06.jpg,cuda,27,7.527800,22.455000
10_open_circuit_06.jpg,cuda,28,8.273500,23.195900
10_open_circuit_06.jpg,cuda,29,7.646600,22.569000
11_short_02.jpg,cpu,0,104.624900,118.864900
11_short_02.jpg,cpu,1,88.543400,102.818400
11_short_02.jpg,cpu,2,85.332600,99.616900
11_short_02.jpg,cpu,3,83.966500,98.203000
11_short_02.jpg,cpu,4,83.355000,97.628100
11_short_02.jpg,cpu,5,83.888900,98.136200
11_short_02.jpg,cpu,6,90.087900,104.324100
11_short_02.jpg,cpu,7,92.095900,106.348800
11_short_02.jpg,cpu,8,92.018700,106.301100
11_short_02.jpg,cpu,9,95.338900,109.608900
11_short_02.jpg,cpu,10,89.865200,104.147400
11_short_02.jpg,cpu,11,106.576500,120.869500
11_short_02.jpg,cpu,12,109.445600,123.731900
11_short_02.jpg,cpu,13,106.649500,120.955200
11_short_02.jpg,cpu,14,105.096600,119.398900
11_short_02.jpg,cpu,15,110.879400,125.165000
11_short_02.jpg,cpu,16,102.347600,116.629400
11_short_02.jpg,cpu,17,94.570800,108.850500
11_short_02.jpg,cpu,18,94.480200,108.756200
11_short_02.jpg,cpu,19,98.691900,112.972900
11_short_02.jpg,cpu,20,93.507100,107.786800
11_short_02.jpg,cpu,21,90.543100,104.822800
11_short_02.jpg,cpu,22,92.677600,106.952000
11_short_02.jpg,cpu,23,82.958700,97.233400
11_short_02.jpg,cpu,24,84.695100,98.971500
11_short_02.jpg,cpu,25,83.293000,97.564800
11_short_02.jpg,cpu,26,82.247600,96.500000
11_short_02.jpg,cpu,27,82.615200,96.889000
11_short_02.jpg,cpu,28,83.530900,97.801700
11_short_02.jpg,cpu,29,82.460200,96.740900
11_short_02.jpg,cuda,0,8.890500,23.156300
11_short_02.jpg,cuda,1,8.008700,22.271100
11_short_02.jpg,cuda,2,7.654100,21.914600
11_short_02.jpg,cuda,3,7.787900,22.049300
11_short_02.jpg,cuda,4,8.807600,23.071800
11_short_02.jpg,cuda,5,8.144000,22.372000
11_short_02.jpg,cuda,6,7.953700,22.179800
11_short_02.jpg,cuda,7,7.838400,22.068500
11_short_02.jpg,cuda,8,7.835000,22.061000
11_short_02.jpg,cuda,9,7.882100,22.108200
11_short_02.jpg,cuda,10,7.803900,22.029700
11_short_02.jpg,cuda,11,7.870900,22.097700
11_short_02.jpg,cuda,12,7.766500,21.991900
11_short_02.jpg,cuda,13,7.857700,22.083500
11_short_02.jpg,cuda,14,7.904900,22.130200
11_short_02.jpg,cuda,15,7.848300,22.073900
11_short_02.jpg,cuda,16,7.882400,22.108200
11_short_02.jpg,cuda,17,7.842000,22.068800
11_short_02.jpg,cuda,18,7.871200,22.097200
11_short_02.jpg,cuda,19,7.920100,22.146100
11_short_02.jpg,cuda,20,7.851700,22.078800
11_short_02.jpg,cuda,21,7.846700,22.072100
11_short_02.jpg,cuda,22,7.785000,22.012100
11_short_02.jpg,cuda,23,7.783300,22.009000
11_short_02.jpg,cuda,24,7.805500,22.031200
11_short_02.jpg,cuda,25,7.921500,22.146900
11_short_02.jpg,cuda,26,7.797000,22.022900
11_short_02.jpg,cuda,27,7.814300,22.039900
11_short_02.jpg,cuda,28,7.845600,22.072700
11_short_02.jpg,cuda,29,7.803600,22.033500
12_open_circuit_03.jpg,cpu,0,84.538700,100.391000
12_open_circuit_03.jpg,cpu,1,75.185400,91.007200
12_open_circuit_03.jpg,cpu,2,86.777800,102.617300
12_open_circuit_03.jpg,cpu,3,92.066400,107.905900
12_open_circuit_03.jpg,cpu,4,90.413700,106.221500
12_open_circuit_03.jpg,cpu,5,91.559700,107.400800
12_open_circuit_03.jpg,cpu,6,95.876900,111.717500
12_open_circuit_03.jpg,cpu,7,91.611600,107.456400
12_open_circuit_03.jpg,cpu,8,106.103300,121.956800
12_open_circuit_03.jpg,cpu,9,124.103800,139.952200
12_open_circuit_03.jpg,cpu,10,130.453100,146.316400
12_open_circuit_03.jpg,cpu,11,123.019000,138.870500
12_open_circuit_03.jpg,cpu,12,102.271000,118.116600
12_open_circuit_03.jpg,cpu,13,103.433000,119.273800
12_open_circuit_03.jpg,cpu,14,100.278100,116.126700
12_open_circuit_03.jpg,cpu,15,93.019600,108.874100
12_open_circuit_03.jpg,cpu,16,101.384900,117.213300
12_open_circuit_03.jpg,cpu,17,97.652000,113.508500
12_open_circuit_03.jpg,cpu,18,92.291800,108.145400
12_open_circuit_03.jpg,cpu,19,95.655900,111.504700
12_open_circuit_03.jpg,cpu,20,93.279000,109.121500
12_open_circuit_03.jpg,cpu,21,102.547500,118.398600
12_open_circuit_03.jpg,cpu,22,94.012500,109.868300
12_open_circuit_03.jpg,cpu,23,94.266900,110.117500
12_open_circuit_03.jpg,cpu,24,101.562000,117.405600
12_open_circuit_03.jpg,cpu,25,104.958100,120.805200
12_open_circuit_03.jpg,cpu,26,97.562700,113.411300
12_open_circuit_03.jpg,cpu,27,99.850300,115.705000
12_open_circuit_03.jpg,cpu,28,98.532600,114.387200
12_open_circuit_03.jpg,cpu,29,94.093800,109.948400
12_open_circuit_03.jpg,cuda,0,9.948800,25.764300
12_open_circuit_03.jpg,cuda,1,8.989000,24.798600
12_open_circuit_03.jpg,cuda,2,9.148900,24.995900
12_open_circuit_03.jpg,cuda,3,8.916200,24.751300
12_open_circuit_03.jpg,cuda,4,8.342000,24.172200
12_open_circuit_03.jpg,cuda,5,9.080400,24.921600
12_open_circuit_03.jpg,cuda,6,8.410700,24.213800
12_open_circuit_03.jpg,cuda,7,7.826500,23.629100
12_open_circuit_03.jpg,cuda,8,7.656700,23.457200
12_open_circuit_03.jpg,cuda,9,7.549900,23.351800
12_open_circuit_03.jpg,cuda,10,7.450100,23.249600
12_open_circuit_03.jpg,cuda,11,7.480300,23.279200
12_open_circuit_03.jpg,cuda,12,7.363500,23.162400
12_open_circuit_03.jpg,cuda,13,7.283900,23.082800
12_open_circuit_03.jpg,cuda,14,7.437000,23.235700
12_open_circuit_03.jpg,cuda,15,7.328700,23.134900
12_open_circuit_03.jpg,cuda,16,7.393400,23.192800
12_open_circuit_03.jpg,cuda,17,7.396300,23.195100
12_open_circuit_03.jpg,cuda,18,7.364400,23.163400
12_open_circuit_03.jpg,cuda,19,7.364500,23.163300
12_open_circuit_03.jpg,cuda,20,7.519000,23.318000
12_open_circuit_03.jpg,cuda,21,7.383800,23.185200
12_open_circuit_03.jpg,cuda,22,7.466500,23.271100
12_open_circuit_03.jpg,cuda,23,7.360700,23.164400
12_open_circuit_03.jpg,cuda,24,7.499000,23.300100
12_open_circuit_03.jpg,cuda,25,7.384400,23.183300
12_open_circuit_03.jpg,cuda,26,7.421200,23.222700
12_open_circuit_03.jpg,cuda,27,7.332000,23.130600
12_open_circuit_03.jpg,cuda,28,7.364400,23.163400
12_open_circuit_03.jpg,cuda,29,7.368800,23.170300
12_short_03.jpg,cpu,0,95.159100,111.463600
12_short_03.jpg,cpu,1,84.116100,100.387400
12_short_03.jpg,cpu,2,81.900600,98.199000
12_short_03.jpg,cpu,3,80.484300,96.752600
12_short_03.jpg,cpu,4,75.383100,91.685700
12_short_03.jpg,cpu,5,82.329500,98.594800
12_short_03.jpg,cpu,6,93.985600,110.285400
12_short_03.jpg,cpu,7,89.862500,106.165200
12_short_03.jpg,cpu,8,95.579400,111.879500
12_short_03.jpg,cpu,9,94.156100,110.467700
12_short_03.jpg,cpu,10,91.524600,107.796800
12_short_03.jpg,cpu,11,104.226400,120.527700
12_short_03.jpg,cpu,12,113.830000,130.137600
12_short_03.jpg,cpu,13,104.923800,121.232300
12_short_03.jpg,cpu,14,95.445300,111.719200
12_short_03.jpg,cpu,15,99.291900,115.592100
12_short_03.jpg,cpu,16,102.306600,118.623500
12_short_03.jpg,cpu,17,96.085600,112.399700
12_short_03.jpg,cpu,18,91.382400,107.697500
12_short_03.jpg,cpu,19,98.606800,114.897200
12_short_03.jpg,cpu,20,103.129400,119.444200
12_short_03.jpg,cpu,21,89.242600,105.552500
12_short_03.jpg,cpu,22,97.533800,113.832900
12_short_03.jpg,cpu,23,98.136800,114.442500
12_short_03.jpg,cpu,24,103.857000,120.193300
12_short_03.jpg,cpu,25,97.261900,113.566000
12_short_03.jpg,cpu,26,95.236700,111.560000
12_short_03.jpg,cpu,27,102.003800,118.311100
12_short_03.jpg,cpu,28,98.658600,114.934800
12_short_03.jpg,cpu,29,102.874000,119.178100
12_short_03.jpg,cuda,0,9.105300,25.400600
12_short_03.jpg,cuda,1,8.144400,24.440000
12_short_03.jpg,cuda,2,9.626300,25.889000
12_short_03.jpg,cuda,3,8.299300,24.558900
12_short_03.jpg,cuda,4,7.823600,24.079600
12_short_03.jpg,cuda,5,7.699500,23.965100
12_short_03.jpg,cuda,6,7.693000,23.948000
12_short_03.jpg,cuda,7,7.658700,23.915800
12_short_03.jpg,cuda,8,7.676200,23.931100
12_short_03.jpg,cuda,9,7.816000,24.127900
12_short_03.jpg,cuda,10,11.523800,27.824100
12_short_03.jpg,cuda,11,10.336600,26.601000
12_short_03.jpg,cuda,12,8.939500,25.204000
12_short_03.jpg,cuda,13,8.772200,25.033500
12_short_03.jpg,cuda,14,8.597200,24.861900
12_short_03.jpg,cuda,15,8.311000,24.579000
12_short_03.jpg,cuda,16,8.387100,24.648900
12_short_03.jpg,cuda,17,8.377300,24.692600
12_short_03.jpg,cuda,18,8.318800,24.621800
12_short_03.jpg,cuda,19,8.195900,24.506800
12_short_03.jpg,cuda,20,8.475500,24.780000
12_short_03.jpg,cuda,21,8.051100,24.310000
12_short_03.jpg,cuda,22,7.859900,24.119200
12_short_03.jpg,cuda,23,7.893100,24.189700
12_short_03.jpg,cuda,24,8.025200,24.329600
12_short_03.jpg,cuda,25,7.858700,24.117400
12_short_03.jpg,cuda,26,7.998100,24.302300
12_short_03.jpg,cuda,27,7.941900,24.240300
12_short_03.jpg,cuda,28,8.532300,24.834400
12_short_03.jpg,cuda,29,7.918900,24.176500
